name,zip,income,expenses,total_cost,payment_period,fico,downp,date,fail,index
Rooney,Uptown,396856,14602030,3793315,323,374,0.4,2018-12-24T09:02:09Z,true,0.13
Eleonore,Highland Park,771421,8424754,14950366,210,738,1.0,2018-09-08T07:26:21Z,false,0.53
Aurilia,Highland Park,658410,9233530,13532154,257,759,0.1,2019-02-19T02:58:13Z,false,0.07
Ike,University Park,609554,3604155,4128024,247,793,0.8,2018-11-18T21:24:52Z,true,0.8
Roddie,University Park,622418,11586952,9882394,27,681,0.8,2018-06-15T04:55:16Z,false,0.91
Garrot,Richardson,32844,9063510,2307075,236,720,0.8,2018-12-22T21:28:17Z,false,0.52
Perry,Uptown,200007,5474317,8716772,267,809,0.6,2018-09-19T06:16:47Z,false,0.96
Agata,Richardson,508182,7249687,237034,358,568,0.9,2018-12-13T09:26:27Z,false,0.47
Elnore,Richardson,480001,12417571,13471211,129,846,0.3,2019-02-07T01:49:31Z,true,0.9
Bartolomeo,Plano,53337,11645709,4712435,354,747,0.7,2018-06-24T21:50:58Z,false,0.02
Casar,University Park,919431,8193014,676512,282,819,0.3,2018-04-10T18:46:15Z,false,0.3
Lynn,University Park,698262,5394871,5588238,250,664,0.8,2018-03-03T00:36:57Z,true,0.71
Arnold,Richardson,596267,8030149,123053,149,827,0.4,2019-01-03T21:38:29Z,false,0.18
Maire,Highland Park,57864,8377480,12704267,155,442,0.7,2018-07-12T08:59:11Z,true,0.57
Danila,University Park,180199,4088114,5471075,34,748,0.9,2018-03-15T17:15:19Z,true,0.31
Brenda,University Park,714571,5669648,12677575,170,729,0.7,2018-04-18T10:18:14Z,false,0.19
Rozanne,University Park,849336,10776516,7823412,195,668,0.5,2018-12-08T20:21:00Z,true,0.32
Randene,Richardson,770736,4704232,5908419,104,505,0.4,2018-09-27T00:42:42Z,true,0.18
Federico,Plano,75821,10462623,12594299,15,749,0.9,2018-07-14T12:58:50Z,true,0.32
Richmound,Preston Hollow,973096,2544061,5085749,49,833,0.7,2018-09-22T20:48:38Z,true,0.5
Jerome,Uptown,994387,8665546,3914356,217,801,0.2,2019-02-12T17:22:26Z,false,0.12
Valdemar,Uptown,340021,3493413,6125327,36,842,0.6,2019-01-04T09:48:14Z,false,0.98
Colman,Richardson,475056,8191381,11278154,318,497,0.9,2018-06-13T00:39:49Z,true,0.82
Kally,Uptown,726020,108481,329735,45,809,0.9,2019-01-31T06:54:37Z,true,0.09
Daisy,Highland Park,315181,11122871,13278054,54,788,0.4,2018-03-03T01:19:43Z,true,0.59
Karmen,Richardson,565353,14134584,12193699,134,779,0.4,2019-01-21T07:47:25Z,true,0.19
D'arcy,Plano,878063,14717095,9012366,189,442,0.7,2018-10-11T05:31:07Z,false,0.36
Baillie,Richardson,324074,1465529,14806474,178,354,0.5,2019-02-14T17:48:13Z,true,0.38
Benedicta,Preston Hollow,562945,2748860,1666166,290,754,0.1,2019-01-30T10:21:07Z,false,0.45
Cory,Uptown,631986,14210356,11843346,95,796,0.6,2019-02-06T22:35:32Z,true,0.38
Katey,University Park,870987,12336197,13017253,252,722,1.0,2018-10-24T14:02:56Z,true,0.13
Dall,University Park,986532,4697727,11310166,85,379,1.0,2018-02-28T16:55:58Z,true,0.89
Alister,Preston Hollow,263325,3777542,8250185,241,849,0.5,2018-08-15T14:07:11Z,true,0.02
Bernarr,Uptown,142056,12106523,11320633,228,738,1.0,2018-10-30T08:49:04Z,false,0.06
Shaw,University Park,414513,2817546,2258800,91,801,0.6,2018-07-28T10:50:48Z,true,0.91
Linnie,Richardson,672679,9289651,6974512,345,618,0.8,2018-04-05T21:52:33Z,false,0.41
Bartram,Highland Park,353107,9495926,10722894,41,639,0.7,2018-12-10T04:25:03Z,false,0.76
Dniren,Plano,133585,7702883,8180325,197,778,1.0,2019-02-03T06:48:56Z,false,0.07
Bekki,Uptown,351224,12671902,6821963,38,570,1.0,2018-03-03T17:49:16Z,false,0.54
Greg,Uptown,282949,11704882,14558556,172,820,0.1,2018-05-09T10:32:35Z,false,0.31
Shirlene,Uptown,236773,4902188,14166677,360,621,0.4,2019-01-07T09:56:50Z,true,0.41
Mick,Richardson,797270,10902127,12946513,106,644,0.9,2019-02-14T22:27:50Z,false,0.4
Mada,Uptown,526541,8979176,10594322,336,639,0.8,2018-04-25T23:21:01Z,true,0.88
Levy,University Park,737686,9899045,2964723,221,507,0.8,2018-09-04T15:51:29Z,true,0.34
Tate,Plano,56926,6187597,8222057,39,749,0.3,2018-04-30T02:09:41Z,true,0.35
Colver,Uptown,661257,8352520,13944072,163,795,0.7,2018-07-31T05:43:04Z,false,0.02
Bess,University Park,774233,12846557,12313389,177,571,0.4,2018-05-30T10:12:45Z,true,0.62
Pieter,Uptown,979641,8735414,11959605,189,705,0.5,2019-02-14T13:24:44Z,false,0.17
Noam,University Park,246835,10988347,9185417,157,532,0.4,2018-11-03T14:11:59Z,true,0.93
Evonne,Highland Park,613504,14372047,6772633,337,681,0.3,2018-05-13T08:39:39Z,false,0.74
Hubert,Richardson,837773,9101640,12458878,132,709,0.5,2018-08-06T19:54:56Z,true,0.19
Cesare,Uptown,743413,3958886,4939568,236,519,0.6,2018-05-13T00:34:12Z,false,0.03
Ange,Plano,63671,143349,11393773,238,533,0.9,2018-11-17T09:51:06Z,true,0.3
Kizzie,Uptown,577095,8731956,4424241,31,755,0.9,2018-06-24T02:15:03Z,false,0.97
Merrili,Richardson,958623,2338899,10266920,200,512,0.9,2018-09-30T18:33:50Z,false,0.9
Chico,Preston Hollow,452025,10541716,9173811,69,666,0.5,2018-10-03T12:05:55Z,false,0.76
Rafe,Plano,499874,9836922,2790924,346,804,0.3,2018-12-26T16:37:33Z,true,0.07
Pavla,Highland Park,451905,763873,9469858,297,352,0.6,2018-09-12T10:10:06Z,true,0.26
Reamonn,Highland Park,423121,284485,8758743,73,371,0.5,2019-02-23T10:52:36Z,false,0.55
Rancell,Plano,463093,5193605,14931567,50,849,0.8,2019-01-30T22:37:20Z,true,0.06
Cherri,Plano,295001,14884619,14476992,278,609,0.9,2018-07-07T08:20:11Z,false,0.62
Elbert,Plano,40783,12165158,2833414,230,390,0.8,2019-02-19T07:31:34Z,true,0.59
Tanya,Preston Hollow,77456,4737547,7880087,25,360,0.7,2018-03-31T17:35:07Z,false,0.99
Claudie,Uptown,68520,929390,5673337,349,570,0.3,2018-03-02T01:57:21Z,true,0.13
Dana,Preston Hollow,916835,2021969,8878778,55,845,0.7,2018-03-27T01:59:48Z,true,0.62
Naoma,Richardson,613330,8791592,14785057,110,831,0.4,2018-11-23T02:09:11Z,true,0.39
Kristopher,Preston Hollow,229050,4230002,9384670,177,800,0.5,2019-01-21T01:30:27Z,true,0.66
Lilla,Plano,316706,3352525,13326769,83,699,0.4,2019-02-14T16:53:33Z,false,0.74
Willamina,Plano,81910,13751262,1403169,344,497,0.2,2018-10-03T08:26:12Z,true,0.18
Cassy,Richardson,605839,8408896,9755150,53,515,0.3,2019-02-09T18:20:51Z,true,0.66
Tim,Preston Hollow,398163,3613358,8728721,171,714,0.6,2018-05-01T22:22:14Z,false,0.43
Susy,Uptown,549035,8568028,9341347,238,357,0.8,2018-07-13T18:54:23Z,true,0.17
Emyle,University Park,349592,13581421,1598180,318,698,0.4,2018-03-16T11:32:36Z,false,0.05
Thelma,Highland Park,117392,13254553,10238500,247,736,0.3,2018-12-09T15:06:36Z,false,0.65
Livvy,Highland Park,337013,10091445,14286969,225,591,0.9,2018-08-18T06:41:18Z,true,0.46
Mel,University Park,690017,908806,7679143,340,481,0.5,2018-06-15T01:56:15Z,true,0.73
Beilul,Uptown,220429,1542823,1986356,137,702,0.3,2018-08-29T08:16:54Z,true,0.82
Crissy,Preston Hollow,606050,14690386,1357899,148,776,0.2,2018-08-31T12:34:52Z,true,0.73
Elsie,Highland Park,587477,11601191,10876473,24,440,0.6,2019-02-15T14:14:59Z,false,0.17
Adelbert,Plano,630713,5630279,2697833,327,761,0.5,2019-02-23T10:45:39Z,false,0.11
Jamey,Uptown,450183,11446959,6677111,71,670,0.1,2018-05-11T06:47:00Z,false,0.68
Yul,University Park,899242,8367588,14850763,298,396,0.3,2018-04-10T07:07:37Z,true,0.18
Allegra,Preston Hollow,595770,13940617,7641452,147,550,0.3,2018-03-28T21:03:58Z,false,0.05
Dorothy,University Park,422780,9990615,1862896,193,706,0.3,2018-11-14T03:35:44Z,false,0.97
Emmett,University Park,177483,1775295,4462694,193,354,0.6,2018-12-12T09:56:25Z,true,0.79
Fabian,Plano,569931,1792087,5350907,36,536,0.2,2018-12-23T05:33:08Z,false,0.6
Eloise,Highland Park,224726,14849794,9246994,219,760,0.8,2018-05-31T06:09:21Z,true,0.41
Cordie,Highland Park,503940,11928725,4256467,316,788,1.0,2018-12-08T15:58:06Z,true,0.87
Kristoforo,Plano,840845,5967363,1505774,318,668,1.0,2018-04-14T00:40:51Z,false,0.37
Jere,Plano,964513,10024314,1614081,359,690,0.4,2018-12-15T05:09:37Z,false,0.23
Bonnibelle,University Park,326993,666606,13330020,99,691,0.7,2018-05-17T09:56:08Z,false,0.36
Emmerich,Highland Park,176876,528863,8659096,220,569,0.3,2018-10-09T00:47:45Z,false,1.0
Hewie,Highland Park,285088,6913190,11135250,354,413,0.1,2018-10-07T01:09:25Z,false,0.84
Othelia,Richardson,972456,4451528,5452581,57,499,0.9,2018-07-15T20:26:41Z,false,0.99
Adham,Richardson,920136,2824955,1091425,205,440,0.9,2018-07-27T06:07:51Z,true,0.77
Leona,Richardson,787622,11240858,2295545,283,394,1.0,2018-05-28T22:33:33Z,false,0.39
Kerianne,Uptown,940237,8040267,5359421,37,457,0.6,2018-09-25T18:55:03Z,true,0.4
Moore,Preston Hollow,195557,1791006,3911485,286,394,0.7,2019-02-18T05:38:10Z,false,0.0
Bessy,Richardson,240163,13674260,5121589,219,834,0.9,2018-06-29T13:32:44Z,true,0.43
Rosetta,Plano,665219,402566,1549571,308,821,1.0,2018-03-01T03:21:21Z,true,0.47
Valaria,University Park,930262,3617811,3383653,73,580,0.5,2018-08-15T10:46:13Z,false,0.84
Clarinda,Highland Park,872270,11400080,9590897,146,408,0.8,2018-12-26T04:34:09Z,false,0.59
Baldwin,Uptown,582337,5496906,10437420,80,735,0.8,2018-06-26T11:23:37Z,false,0.15
Hardy,Highland Park,192694,7320822,12468571,244,523,0.6,2018-10-06T01:58:18Z,false,0.06
Emalia,Highland Park,934790,5417967,13244721,148,485,0.1,2018-09-01T03:20:39Z,false,0.61
Kip,Preston Hollow,473879,2110885,8153390,241,445,0.9,2018-03-21T00:30:36Z,true,0.95
Rozanna,Plano,32713,8652948,9432378,159,808,0.5,2018-10-09T10:39:33Z,false,0.85
Valry,Uptown,605487,11840039,385291,258,471,0.9,2018-07-09T01:18:02Z,false,0.46
Abby,University Park,124130,11003635,8612842,277,741,0.8,2018-09-12T01:59:59Z,true,0.71
Fleming,Highland Park,753109,12347669,11752479,285,847,0.7,2018-10-14T11:15:39Z,false,0.1
Dee,Highland Park,987744,12613852,8356878,211,739,0.8,2018-12-29T19:08:23Z,false,0.73
Electra,University Park,574812,7359865,13433741,248,661,0.2,2019-02-19T07:35:53Z,false,0.71
Arv,Plano,283320,9564304,3785597,322,389,0.5,2018-10-04T22:59:09Z,true,0.27
Reese,University Park,720738,8208043,4689483,79,363,0.3,2018-12-29T09:16:18Z,true,0.36
Rodd,Highland Park,733848,1099545,8205781,124,778,0.2,2018-05-19T02:24:29Z,false,0.52
Adrianna,Plano,394976,1992472,12618226,356,745,0.9,2018-05-21T10:21:56Z,false,0.6
Harp,Uptown,600014,2971517,4160055,202,631,0.5,2018-05-27T17:37:07Z,false,0.39
Dotti,Richardson,603848,12453431,11134302,134,592,0.8,2018-05-30T07:34:48Z,true,0.52
Giralda,Richardson,603014,1521028,12050391,50,593,0.5,2018-04-14T16:21:33Z,false,0.17
Elbert,Preston Hollow,631055,8332576,3471957,322,486,0.5,2018-10-06T16:00:05Z,false,0.93
Drake,Richardson,860127,11596311,12914826,88,473,0.4,2018-08-04T03:54:14Z,true,0.69
Beth,Uptown,205098,12792089,5156891,350,806,0.8,2018-07-09T07:17:17Z,false,0.08
Joy,Uptown,55661,2598472,8519894,304,450,0.2,2018-03-22T09:39:17Z,false,0.77
Boote,Highland Park,414079,10693960,13207713,154,653,1.0,2018-03-14T20:57:55Z,true,0.04
Eddie,Richardson,496555,2655711,6392938,220,409,0.4,2018-07-22T06:23:23Z,false,0.17
Lorettalorna,Preston Hollow,427496,3754025,1577404,126,431,0.4,2019-01-20T00:44:42Z,false,0.5
Rey,Plano,592511,1486528,9954043,228,679,0.8,2018-12-09T17:20:31Z,false,0.26
Charmane,Plano,551969,1260049,10317370,219,588,0.8,2018-11-09T23:52:13Z,true,0.6
Arlette,Plano,484926,12944582,14764881,245,703,0.9,2018-09-12T01:41:54Z,true,0.34
Elise,Richardson,469472,8496962,2867746,216,373,0.2,2018-06-15T18:36:03Z,true,0.71
Hershel,Richardson,395722,9310043,11870445,168,847,0.5,2019-01-07T15:56:26Z,false,0.61
Natalya,Plano,761596,2272693,4105200,341,456,0.7,2018-07-19T18:24:20Z,true,0.55
Lannie,Highland Park,922711,14835420,11840375,70,622,0.4,2018-06-27T17:56:52Z,false,0.71
Bruce,Highland Park,341190,3391906,8993832,353,567,0.3,2018-03-22T00:36:10Z,true,0.34
Nerte,Richardson,249901,14459695,4462272,150,633,0.8,2018-11-23T05:07:37Z,false,0.31
Margaretta,Uptown,648604,444768,4405575,32,535,0.2,2018-04-13T05:11:49Z,false,0.49
Gerard,Highland Park,797836,5009610,4853182,315,832,0.7,2018-04-21T00:27:43Z,false,0.36
Briny,University Park,482456,10977707,949286,245,610,0.2,2018-03-01T07:36:41Z,true,0.78
Rolland,Plano,408328,14983578,107430,143,575,0.6,2018-04-07T08:38:21Z,false,0.96
Ulrica,Plano,444471,7217313,14363121,288,648,0.7,2018-12-04T01:16:35Z,true,0.45
Cyndia,Uptown,123486,12758421,4566298,205,733,0.1,2018-08-27T03:00:48Z,false,0.62
Georgeanne,Richardson,207179,7031893,7835562,349,705,1.0,2018-05-23T09:06:07Z,true,0.64
Janie,Preston Hollow,879756,973784,636479,35,377,0.7,2018-08-14T14:10:27Z,true,0.03
Ezra,Plano,486511,10868048,8487034,353,501,0.2,2018-07-16T23:12:13Z,true,0.41
Buiron,Uptown,789539,11161057,7975098,123,809,0.9,2018-08-07T06:26:43Z,false,0.93
Beitris,Plano,555966,141435,11014248,140,756,0.2,2018-12-24T00:07:09Z,false,0.09
Scott,University Park,33606,5569463,13878701,218,803,0.6,2018-11-05T02:46:53Z,true,0.21
Gael,Richardson,270216,4842589,6239588,320,539,0.8,2018-04-05T06:17:31Z,true,0.98
Georgiana,Preston Hollow,183747,8363985,7599725,330,566,0.6,2018-03-17T08:34:42Z,false,0.48
Zsazsa,Highland Park,406090,5020234,8627565,107,550,0.8,2018-04-16T23:24:59Z,true,0.9
Joshuah,Plano,788165,12261562,13025033,68,592,0.6,2018-07-10T11:17:57Z,true,0.34
Chryste,Uptown,640882,5098174,12855865,308,451,0.6,2018-12-20T22:15:30Z,false,0.09
Meg,University Park,521234,3527407,13369250,170,797,0.5,2018-12-25T08:11:19Z,true,0.94
Gaby,Preston Hollow,700120,2684860,146184,351,630,0.9,2018-08-10T07:48:03Z,true,0.29
Moyna,Plano,800247,4482824,11157582,271,794,0.8,2018-06-27T10:27:20Z,true,0.0
Elton,University Park,459749,12648797,1757042,66,627,0.2,2018-12-31T20:18:35Z,false,0.47
Rosy,Plano,537954,6997758,13635828,269,576,0.2,2018-08-29T04:23:00Z,false,0.89
Dulcea,Richardson,291044,10898028,4029763,276,506,0.5,2018-04-09T09:58:23Z,true,0.69
Ulberto,Preston Hollow,940244,639090,9933737,160,628,0.1,2018-09-01T11:50:22Z,true,0.04
Armin,Preston Hollow,665961,11883422,6878847,292,606,0.6,2018-11-27T12:34:18Z,true,0.41
Hildy,Richardson,890863,10155693,7774477,165,518,0.5,2018-06-25T16:17:53Z,true,0.37
Bartholomeus,Uptown,468881,7041919,12568040,227,579,0.7,2018-02-26T14:25:17Z,false,0.82
Don,Richardson,790177,945401,6673326,112,515,0.6,2018-05-09T11:41:37Z,false,0.28
Archer,Uptown,865904,12048546,9576662,291,619,0.4,2018-06-08T16:50:48Z,false,0.4
Olav,Highland Park,253553,14949540,3000678,19,599,0.5,2018-12-14T09:10:00Z,false,0.59
Consuelo,Highland Park,55469,1431303,9378363,72,554,0.3,2018-09-21T01:56:46Z,true,0.17
Wilhelm,University Park,280566,12904591,10884713,304,772,0.7,2018-04-20T14:21:41Z,false,0.59
Clara,Highland Park,787097,2664239,3161340,348,721,0.9,2018-10-26T03:19:06Z,false,0.42
Walton,University Park,537899,10758578,13987023,122,567,0.6,2018-06-26T15:34:49Z,true,0.12
Andrus,University Park,174463,5833140,13606323,208,355,0.9,2018-06-22T01:36:54Z,true,0.81
Payton,Uptown,704899,10550467,6628151,205,357,0.4,2018-05-27T14:19:14Z,true,0.33
Edwin,Plano,442488,6468308,7425292,157,353,0.7,2019-02-03T18:48:50Z,false,0.68
Tabb,Highland Park,507513,10805283,812094,161,400,0.7,2019-01-20T17:25:49Z,true,0.64
Gillian,Plano,813263,533849,8993477,90,795,0.8,2018-09-01T17:46:27Z,false,0.33
Justus,Preston Hollow,555334,7492759,3187906,266,592,0.2,2018-05-11T11:18:34Z,false,0.86
Gerhardt,University Park,32670,9719974,264405,212,598,0.6,2018-07-25T23:45:52Z,false,0.29
Jessica,Highland Park,262894,11116082,8302474,88,525,0.2,2018-03-03T06:58:59Z,true,0.19
Patric,Preston Hollow,879086,10102748,2073836,120,705,0.3,2018-06-29T02:13:50Z,false,0.39
Linus,Preston Hollow,823577,3894263,4998723,256,412,0.7,2018-02-26T17:27:02Z,true,0.0
Eran,Highland Park,486825,1660777,775553,247,720,0.8,2018-10-26T13:23:44Z,false,0.88
Claudio,Preston Hollow,69400,6039396,14142580,95,509,0.4,2019-01-18T16:43:39Z,true,0.02
Horatius,Plano,363641,13109435,12844152,37,590,0.2,2018-06-29T17:34:02Z,true,0.8
Meredeth,Richardson,684977,7323753,12344198,38,850,0.4,2018-07-07T03:41:27Z,true,0.04
Pryce,Richardson,107882,13929537,3892899,88,579,0.5,2018-04-28T16:30:18Z,false,0.34
Celie,Highland Park,325858,3137632,10158763,317,567,0.8,2018-10-14T14:42:06Z,true,0.98
Diena,Uptown,644452,6785991,1633954,188,683,0.9,2018-08-04T05:47:00Z,false,0.77
Kaiser,Uptown,426598,9055328,9331588,189,523,0.8,2018-05-18T21:01:56Z,true,0.92
Cal,Plano,422415,8094192,869115,101,629,0.8,2018-04-10T22:49:38Z,false,0.01
Francisco,Highland Park,609500,6412121,11304561,232,381,0.7,2019-02-17T17:40:00Z,false,0.43
Lodovico,Uptown,644047,14225453,3715129,340,570,0.9,2018-04-28T13:37:42Z,true,0.05
Jonas,Richardson,612516,14554799,14884228,265,420,0.2,2018-04-11T15:48:27Z,true,0.95
Sonia,University Park,122905,3159897,2589748,88,695,0.9,2018-11-05T18:08:45Z,true,0.95
Stuart,Highland Park,660992,2943059,14370482,275,453,0.9,2018-12-09T01:46:27Z,true,0.36
Keefe,Highland Park,702007,4762271,14418953,137,793,0.4,2018-10-15T20:09:18Z,true,0.21
Gael,Highland Park,29532,2105704,5404273,227,533,0.2,2018-12-19T01:45:40Z,false,0.76
Colet,Uptown,410311,5498803,2564843,12,622,0.9,2018-07-04T14:29:00Z,true,0.89
Fritz,Uptown,301339,146156,14900517,314,772,0.7,2019-01-08T19:05:51Z,true,0.04
Amanda,Preston Hollow,533338,93735,8693934,98,710,0.1,2018-08-14T02:03:20Z,false,0.04
Sherwin,Preston Hollow,443556,8705327,3486205,328,529,0.1,2018-08-30T16:52:36Z,true,0.62
Gisele,Richardson,375352,8146626,12930446,57,666,0.2,2018-06-12T20:51:37Z,false,0.53
Rochette,Preston Hollow,752598,5284538,8622471,178,501,0.5,2018-09-15T03:27:57Z,false,0.31
Waneta,Highland Park,768771,11238078,813279,60,428,0.7,2018-08-21T02:30:16Z,false,0.82
Candra,Richardson,274601,9824441,9077797,295,478,0.7,2018-05-18T06:49:51Z,true,0.42
Valli,University Park,723366,1991465,3971681,234,814,0.9,2018-12-26T04:16:29Z,false,0.77
Moyra,Plano,94498,9493986,4561881,45,559,0.6,2018-08-16T17:33:41Z,true,0.48
Lynn,Richardson,36414,2674849,2411679,75,565,0.9,2019-02-07T22:23:55Z,false,0.44
Dav,Richardson,74014,4141875,4838978,273,539,0.7,2018-03-28T06:35:05Z,false,0.46
Nerty,Preston Hollow,469506,11870939,11424683,329,421,0.7,2018-04-04T00:00:10Z,true,0.42
Alma,University Park,969060,728030,2517334,352,572,0.3,2018-12-29T13:25:30Z,true,0.63
Debi,Plano,919317,5331870,5691826,165,781,0.6,2018-02-27T23:45:29Z,true,0.96
Sandi,Plano,712158,201932,2930869,288,744,0.2,2018-07-02T18:18:46Z,false,0.76
Falito,Plano,209226,1531214,10081619,14,568,0.8,2018-04-29T02:45:05Z,false,0.75
Cecilio,Highland Park,786771,12012707,12565724,79,554,0.6,2018-05-07T07:39:35Z,false,0.15
Dyann,University Park,966482,4512686,13185331,308,647,0.5,2018-10-11T15:47:06Z,false,0.01
Emilee,University Park,429711,8702309,5762625,24,390,0.3,2018-10-23T11:46:48Z,false,0.58
Auberon,University Park,987086,13021783,8951601,63,586,1.0,2018-04-04T20:43:28Z,false,0.78
Davine,Preston Hollow,360309,6885325,13487272,182,816,0.4,2018-10-12T06:00:10Z,true,0.93
Brett,Highland Park,222177,9341638,11622071,184,446,0.2,2018-11-03T06:31:42Z,false,0.25
Whitman,Preston Hollow,925295,13657976,10420335,359,470,0.6,2018-10-08T23:25:13Z,false,0.31
Leslie,Uptown,518634,8553270,10503857,60,410,0.5,2018-12-22T15:49:26Z,true,0.01
Casper,Highland Park,971135,8121493,2194055,332,670,0.9,2018-08-10T04:45:09Z,true,0.81
Ricky,Plano,620830,12597507,12527442,226,463,0.9,2018-12-05T11:24:55Z,true,0.13
Theresa,University Park,813686,7183262,12919426,173,447,0.7,2018-12-07T00:45:09Z,true,0.02
Zach,Highland Park,953461,8532447,8552411,249,766,0.7,2018-05-29T08:36:41Z,false,0.72
Isabella,Richardson,627782,1198317,6613442,172,667,0.5,2018-06-11T15:11:35Z,true,0.71
Luther,University Park,696276,14130305,10711000,124,514,0.7,2018-09-24T01:05:58Z,true,0.67
Marven,Richardson,816467,11205054,13108386,329,789,0.1,2018-09-12T15:39:13Z,false,0.93
Nada,Richardson,673437,2582440,12605525,342,759,0.9,2018-10-15T15:52:48Z,false,0.29
Raynard,Richardson,853389,7100774,3926656,353,628,0.3,2018-03-06T10:41:27Z,true,0.16
Andromache,Highland Park,82931,14529393,13995764,88,756,0.6,2018-12-22T01:28:12Z,true,0.38
Shannen,University Park,781966,10979457,212302,127,426,0.3,2019-01-05T06:09:13Z,false,0.21
Allister,University Park,947253,7161862,3698839,134,566,0.7,2018-04-25T21:25:50Z,false,0.04
Barth,Uptown,230881,7167510,10103170,357,775,0.7,2018-04-23T05:52:28Z,false,0.44
Flinn,Plano,564726,10022629,1171472,187,559,0.5,2018-10-30T16:33:46Z,false,0.16
Jarvis,Preston Hollow,923153,10040324,5792986,183,815,0.9,2018-05-29T18:46:07Z,true,0.56
Boonie,Uptown,221956,12542367,330618,282,739,1.0,2018-12-21T17:41:36Z,false,0.91
Jerrylee,Highland Park,532607,13812721,12813857,21,433,1.0,2018-04-20T17:21:05Z,false,0.62
Wenona,Uptown,256025,6490357,8354469,191,491,0.3,2018-02-25T12:01:46Z,true,0.56
Katleen,Preston Hollow,478425,9919568,4952226,252,615,1.0,2018-03-27T08:30:00Z,false,0.9
Andy,Highland Park,103838,13818692,10092821,355,784,0.4,2019-02-07T00:15:26Z,false,0.74
Lanni,Richardson,205463,12276858,11801210,61,596,0.3,2018-03-13T01:46:23Z,false,0.59
Trenton,University Park,547555,8849760,2632689,51,605,1.0,2018-09-21T06:06:38Z,true,0.87
Westbrooke,Plano,492132,2973795,14068521,320,453,0.6,2018-05-15T18:05:55Z,true,0.04
Mary,Richardson,142203,14311950,3814009,43,628,0.7,2018-06-12T16:27:39Z,false,0.99
Piggy,University Park,758136,6436565,14641935,96,393,0.2,2018-02-28T16:33:43Z,true,0.77
Seumas,University Park,99448,11571554,5492125,152,428,0.4,2018-03-26T00:50:23Z,false,0.21
Carleton,Preston Hollow,334627,13431982,8191690,245,469,0.4,2018-07-21T16:00:58Z,true,0.14
Mariquilla,Highland Park,378137,1899290,9307410,342,781,0.5,2018-05-27T18:27:52Z,true,0.52
Gabrielle,Uptown,185591,14629286,10755288,60,833,0.9,2018-09-21T11:47:49Z,false,0.84
Jerrie,Preston Hollow,339230,3298339,10001977,211,708,0.7,2018-10-23T01:15:15Z,false,0.83
Cristabel,Highland Park,377879,9821527,10001552,93,719,0.6,2019-01-06T01:23:09Z,false,0.71
Mabelle,Richardson,770835,4086045,4109161,321,429,0.6,2018-03-15T19:44:05Z,true,0.15
Staci,Highland Park,794055,12046949,9986075,247,721,0.1,2019-02-11T05:45:58Z,false,0.53
Carole,University Park,307428,1057846,1273781,42,448,0.4,2018-07-25T22:08:36Z,true,0.6
George,Highland Park,602579,5222861,1925557,103,642,0.2,2018-12-22T17:33:09Z,true,0.95
Kirsten,Richardson,394216,2138420,4114684,359,607,0.7,2018-10-06T19:58:04Z,false,0.88
Iolande,Uptown,694234,1295207,10990697,152,494,0.5,2019-01-22T23:11:13Z,true,0.39
Andrew,University Park,802074,14983805,5607093,226,758,0.3,2018-06-16T23:16:05Z,false,0.15
Rupert,Uptown,804496,2282856,12936456,191,763,0.8,2018-11-26T15:20:04Z,false,0.76
Rachael,Richardson,175128,2588813,1530882,303,405,0.6,2018-04-12T23:47:11Z,false,0.16
Karna,Uptown,936394,14470022,9684282,204,674,0.4,2018-04-13T08:11:14Z,false,0.84
Talya,Preston Hollow,207792,118512,4279686,321,443,0.4,2019-01-30T09:19:37Z,false,0.99
Chelsea,Highland Park,351820,2502259,1710429,262,664,0.2,2018-04-16T05:23:24Z,true,0.43
Brandyn,Uptown,135156,9500012,11015506,358,581,0.7,2018-06-18T08:40:54Z,false,0.98
Courtenay,Uptown,874827,3220479,12614064,27,769,0.6,2018-12-04T17:09:23Z,true,0.72
Lewes,University Park,953415,10879953,13859619,235,585,0.8,2018-05-03T08:15:13Z,false,0.07
Lane,Highland Park,756297,10427836,9720502,69,517,0.2,2018-04-05T21:01:50Z,false,0.93
Hartley,Uptown,504542,12124323,13521219,244,830,0.9,2018-08-01T06:02:01Z,false,0.61
Nikoletta,Highland Park,206796,13020637,6183309,176,767,0.6,2019-01-02T04:02:42Z,false,0.65
Fay,Preston Hollow,131858,5028504,14979926,80,820,0.3,2018-06-25T00:38:02Z,true,0.36
Austin,Plano,955124,1173711,9553674,50,614,0.6,2018-09-19T21:35:15Z,true,0.26
Mattheus,University Park,954260,10202584,13934744,325,373,1.0,2018-04-25T21:38:51Z,true,0.02
Nelia,University Park,396412,2424380,5522231,215,629,0.6,2018-04-20T11:40:54Z,true,0.85
Glenn,University Park,341052,14854498,5797377,81,705,0.6,2018-05-28T14:21:51Z,true,0.16
Wylma,Richardson,623789,13371647,2433048,66,634,0.8,2018-04-27T06:43:56Z,false,0.28
Gale,Plano,974704,5895566,2031906,89,488,0.6,2019-01-04T20:24:01Z,true,0.4
Parry,Highland Park,119304,2292894,6178144,59,632,0.3,2018-04-20T07:55:33Z,false,0.24
Ingeberg,Richardson,76294,11781304,2638277,49,619,0.2,2018-10-26T01:09:14Z,false,0.85
Cheslie,Uptown,808467,7824641,4455688,15,535,0.9,2018-06-25T17:09:12Z,false,0.67
Grannie,Richardson,442450,9587911,1981556,24,757,0.7,2018-12-17T01:33:54Z,true,0.54
Morgan,Richardson,221822,5399273,12089843,280,464,0.7,2019-01-05T22:19:08Z,true,0.64
Jenni,Preston Hollow,107010,651323,5692678,218,559,0.5,2018-09-09T15:35:37Z,false,0.66
Tadio,Plano,165752,4183675,11165205,340,746,0.9,2018-07-13T20:12:32Z,true,0.43
Fairlie,University Park,215181,5913717,726806,151,379,0.7,2018-03-16T05:13:17Z,true,0.6
Corey,Preston Hollow,857521,7848139,5884563,69,611,0.4,2018-06-21T11:38:49Z,false,0.15
Nathanil,Richardson,578535,6953338,7135622,83,771,1.0,2018-05-10T23:29:42Z,false,0.68
Ali,Preston Hollow,745499,6784962,12477003,190,637,0.7,2018-03-24T23:04:00Z,false,0.22
Lizzy,Richardson,690469,170905,5417740,221,436,0.4,2018-10-18T07:40:57Z,false,0.88
Jeremie,University Park,115076,8452756,3116946,313,412,0.4,2018-05-17T09:44:39Z,true,0.98
Barton,Plano,739419,7520760,5008275,48,733,0.2,2018-05-22T19:13:10Z,true,0.66
Miles,Highland Park,241131,5892348,7967251,69,650,0.8,2018-07-27T05:59:29Z,true,0.28
Devin,Preston Hollow,17558,13990541,9471504,180,669,0.4,2019-02-18T20:23:52Z,false,0.26
Erinn,Highland Park,573172,14819440,1022468,74,522,0.6,2018-05-16T19:16:47Z,false,0.02
Merilee,Uptown,317707,13751531,7677832,81,350,0.5,2019-02-13T21:18:13Z,true,0.01
Bert,University Park,70196,231495,13592301,215,649,0.5,2018-04-21T08:15:46Z,false,0.02
Tommie,Plano,463452,2644118,889971,84,602,0.9,2018-09-25T19:17:05Z,false,0.62
Ree,Preston Hollow,404866,2387772,11567682,129,837,0.6,2018-12-25T15:13:52Z,true,0.61
Colas,University Park,764114,2599564,1813366,317,377,0.4,2019-01-24T19:47:09Z,false,0.84
Karlotte,University Park,865050,1815483,10463044,178,708,0.4,2019-01-05T17:25:05Z,false,0.75
Jsandye,Richardson,549271,6466633,6166397,179,646,0.6,2019-01-30T22:42:24Z,false,0.4
Myron,Highland Park,979772,13664362,4091601,284,431,0.8,2018-05-23T14:32:09Z,true,0.53
Almeria,Plano,971418,1760802,3646366,124,834,0.4,2018-12-23T11:55:07Z,false,0.35
Gardener,Highland Park,676989,3695213,5989462,263,357,0.5,2018-12-05T23:23:03Z,true,0.1
Lisetta,Plano,558808,7971801,10900254,164,387,0.8,2018-11-29T09:17:34Z,true,0.87
Gibby,University Park,157260,8113665,6044966,242,459,0.5,2018-06-02T10:01:13Z,false,0.76
Rory,Preston Hollow,216548,1750497,13907740,339,529,0.7,2018-04-30T18:37:52Z,true,0.1
Ursola,Uptown,753719,4126591,14370912,338,591,0.9,2018-05-13T17:22:25Z,true,0.53
Martica,Preston Hollow,885106,9981537,13927413,66,571,0.8,2018-07-13T00:19:03Z,false,0.34
Glen,University Park,742564,14911490,6505064,30,633,1.0,2018-07-11T23:48:21Z,true,0.43
Lesya,Uptown,351662,11576477,11519477,192,418,0.6,2018-11-28T13:54:20Z,false,0.33
Hardy,Richardson,409381,7293457,4851084,93,424,0.3,2018-12-20T06:08:14Z,true,0.81
Cleopatra,Preston Hollow,511101,12695338,4074492,208,581,0.8,2018-03-04T09:28:59Z,false,0.06
Conway,Richardson,295343,2392014,5053217,173,479,0.5,2018-04-09T06:45:06Z,true,0.05
Elicia,Preston Hollow,899374,6577268,11114027,325,598,0.8,2018-03-27T07:44:38Z,false,0.71
Pebrook,Highland Park,886535,13118502,11388257,266,437,0.5,2018-10-14T20:31:15Z,false,0.56
Gussie,Plano,923769,2742267,956293,187,548,0.8,2018-06-06T12:03:37Z,true,0.07
Job,University Park,75232,4387679,5043433,130,788,0.9,2018-09-20T13:19:21Z,false,0.64
Otha,Highland Park,77468,3607578,12558314,41,574,0.6,2018-08-22T23:49:07Z,false,0.37
Cully,Preston Hollow,761981,719670,9021476,284,602,0.5,2018-06-11T15:40:28Z,true,0.55
Humphrey,Plano,660175,9543899,4580115,285,673,0.5,2018-09-01T12:11:50Z,false,0.89
Maxine,Richardson,301574,11166501,9490810,28,840,0.5,2018-05-04T18:25:29Z,true,0.94
Susy,Preston Hollow,417710,2646220,6790286,156,570,0.8,2018-09-28T13:28:37Z,false,0.14
Johnette,Highland Park,917367,12630388,4442115,86,463,0.8,2019-01-12T10:57:35Z,false,0.3
Irwin,Highland Park,851135,8679455,10631605,24,441,0.7,2019-02-11T22:54:42Z,true,0.88
Vonny,Highland Park,523741,297568,9898098,337,586,0.7,2019-02-17T12:15:17Z,true,0.01
Drake,Preston Hollow,972472,14068718,12901498,22,628,0.6,2018-05-10T13:28:59Z,true,0.24
Kassandra,Preston Hollow,160888,7488939,1321856,14,634,0.8,2018-05-03T13:11:52Z,true,0.48
Devora,Richardson,271459,12788983,7906281,18,567,0.2,2019-01-15T11:48:33Z,true,0.77
Brit,University Park,867934,14727585,3414923,265,654,0.3,2018-07-13T23:31:10Z,true,0.35
Kristoforo,University Park,743245,13105924,3937865,190,681,1.0,2018-12-02T17:54:07Z,false,0.37
Eugenio,Preston Hollow,851296,4167433,9091075,308,365,0.3,2018-07-09T21:29:24Z,true,0.36
Tore,Uptown,127527,5737822,4873332,208,835,0.8,2018-08-03T20:49:39Z,true,0.89
Brandie,Preston Hollow,368433,10446584,7360812,178,664,0.8,2019-01-12T04:42:28Z,true,0.82
Misti,Plano,546963,735105,4307314,68,730,0.7,2018-07-22T20:09:07Z,false,0.96
Ewan,Uptown,275155,2547762,8414802,311,612,0.4,2018-04-26T02:22:58Z,true,0.24
Zena,Uptown,521023,3898798,177396,18,438,0.9,2018-07-04T14:26:46Z,false,0.9
Laurent,Uptown,112640,8479838,9540561,156,476,0.8,2018-09-16T08:56:38Z,false,0.82
Mitchell,Highland Park,466950,649074,2838445,44,379,0.3,2019-02-23T08:09:31Z,false,0.22
Clay,Uptown,632053,2152481,14715632,62,454,0.9,2018-03-01T03:53:22Z,true,0.04
Antonie,Richardson,782336,8342178,6165174,222,460,0.2,2018-08-14T20:15:12Z,true,0.87
Sherrie,Preston Hollow,636046,12653243,6521632,164,607,0.8,2018-05-26T23:50:37Z,true,0.14
Lars,Plano,421817,8946223,10636543,93,359,0.3,2018-04-06T05:43:11Z,true,0.17
Becca,Uptown,960095,198592,5940791,349,558,0.3,2018-08-07T06:13:47Z,false,0.44
Delbert,Plano,931503,9876482,12886815,120,634,0.9,2018-06-30T13:56:05Z,false,0.32
Clarissa,Uptown,212663,2550098,716453,12,682,0.2,2018-11-09T21:05:35Z,true,0.44
Judah,Uptown,445959,6377932,12447188,250,672,0.7,2018-11-23T14:11:52Z,true,0.74
Waverley,Richardson,355295,12851397,4836582,311,726,0.3,2018-02-26T22:46:43Z,false,0.52
Lancelot,Highland Park,839644,9279753,13188196,108,582,0.9,2018-09-01T20:34:34Z,false,0.86
Sam,Highland Park,633274,12615258,13429646,133,449,0.5,2018-07-27T00:25:54Z,true,0.42
Raul,University Park,190824,2948679,13076682,138,824,0.3,2018-08-05T07:13:39Z,false,0.03
Ron,Preston Hollow,990507,12886214,7878549,313,798,0.8,2019-01-11T04:08:25Z,true,0.84
Vanya,Preston Hollow,715210,10131556,8495796,230,508,0.3,2018-07-01T21:45:07Z,false,0.8
Ermina,Plano,633346,14379479,7495179,98,639,0.7,2018-09-05T10:52:00Z,true,0.93
Donavon,Richardson,256856,12076663,6735148,82,612,0.3,2018-09-15T21:03:03Z,false,0.94
Lacee,Uptown,442668,11649503,8740870,170,516,0.5,2018-12-18T22:41:53Z,false,0.38
Griselda,Highland Park,773644,92706,6931129,200,656,0.9,2018-12-19T15:02:46Z,true,0.45
Marmaduke,Richardson,265793,14804644,6012235,188,647,0.4,2018-03-22T19:41:09Z,true,0.27
Janek,Preston Hollow,702956,12631798,10088422,60,797,1.0,2019-01-04T13:47:57Z,true,0.08
Adoree,Uptown,699880,5234752,5102152,348,666,0.2,2018-03-31T01:03:01Z,true,0.62
Derward,Uptown,694320,3621479,1296555,201,742,0.7,2018-08-10T01:20:48Z,false,0.01
Rosabelle,Uptown,672664,50485,3573235,227,717,0.2,2018-09-07T12:22:10Z,false,0.41
Maxi,Preston Hollow,384491,2302719,10677176,321,398,0.4,2018-07-07T01:27:52Z,true,0.76
Katheryn,Richardson,147186,7682522,11457179,140,604,1.0,2018-09-15T04:56:15Z,true,0.23
Johannes,Highland Park,931788,4285544,1184154,132,472,0.5,2018-04-11T16:22:08Z,false,0.12
Ches,Preston Hollow,398286,6138465,1627451,207,688,0.2,2019-02-09T15:02:01Z,true,0.27
Verge,Plano,315217,7858757,12296003,161,437,0.8,2018-10-03T22:12:44Z,true,0.93
Ailsun,Uptown,756030,12416395,12664628,317,715,0.7,2018-09-16T19:19:53Z,false,0.79
Kamila,Preston Hollow,140011,10628842,14362003,325,392,1.0,2018-11-17T09:44:29Z,false,0.38
Lacee,University Park,673753,10209835,7488547,94,353,0.3,2018-05-21T20:44:07Z,false,0.98
Melba,Uptown,908187,5777372,5262520,99,570,0.1,2018-10-03T15:16:22Z,true,0.62
Noah,Preston Hollow,87486,4684779,2534058,40,711,0.6,2018-12-25T17:54:44Z,true,0.15
Brod,Highland Park,166714,7771285,8250446,219,833,0.4,2018-04-02T00:17:01Z,true,0.31
Kaylee,Preston Hollow,357258,5017760,7650243,245,589,0.5,2018-03-22T10:23:08Z,false,0.91
Marla,Uptown,309952,590171,9230784,359,583,0.3,2018-12-19T10:01:41Z,true,0.07
Kiersten,Highland Park,256778,3340351,9775068,257,772,0.2,2018-07-19T06:27:40Z,true,0.59
Rolando,Richardson,247167,14666062,14667895,251,426,0.9,2018-08-11T05:12:54Z,true,0.59
Cecily,Richardson,48601,6562945,1892524,202,818,0.7,2018-05-03T10:03:20Z,false,0.41
Lawrence,Plano,901795,7710564,13395662,231,715,0.5,2018-09-02T08:32:24Z,false,0.88
Juditha,University Park,539174,911095,8394604,286,579,0.1,2018-07-20T22:44:21Z,false,0.43
Ruggiero,University Park,433755,8493798,14003132,105,410,0.2,2019-01-25T06:52:19Z,false,0.09
Hillel,University Park,62978,11217593,13520447,280,546,0.5,2018-12-19T12:32:09Z,false,0.54
Debera,Uptown,117722,12362910,6299238,257,616,0.6,2019-01-03T03:52:21Z,false,0.77
Lorettalorna,Richardson,318353,9053271,9771856,40,681,0.9,2018-10-16T19:42:58Z,true,0.47
Allie,Plano,168052,13908821,14834657,66,388,0.9,2018-09-26T21:42:11Z,true,0.16
Robinson,Highland Park,714951,3904915,2391804,124,840,1.0,2018-08-25T21:03:00Z,true,0.93
Alfie,Uptown,343431,11778675,6794098,141,571,0.5,2018-08-01T22:37:46Z,false,0.41
Katusha,Preston Hollow,413928,4361921,11668736,297,411,0.8,2018-06-21T13:05:56Z,true,0.87
Al,Plano,650921,1615771,4564408,75,818,0.3,2018-11-15T19:57:10Z,true,0.92
Velma,Preston Hollow,801911,4388157,4204819,127,692,0.2,2018-04-15T18:13:50Z,true,0.5
Roxie,Uptown,302524,7711961,13501940,157,356,0.7,2018-08-18T11:08:05Z,true,0.1
Dore,Highland Park,676983,8628104,3055111,102,520,0.4,2018-09-08T00:17:35Z,false,0.65
Tisha,Plano,410611,443005,14217298,52,794,0.8,2018-10-26T19:27:18Z,true,0.29
Noble,Preston Hollow,425271,1545468,14116410,201,501,0.4,2019-02-16T07:46:30Z,true,0.5
Maddy,Uptown,452266,5600834,1139921,232,657,0.4,2018-06-06T04:27:15Z,false,0.04
Fitz,University Park,255686,9495474,1849796,67,683,0.3,2018-07-10T04:53:30Z,false,0.98
Carlen,Preston Hollow,814372,12135671,995870,253,689,0.7,2018-09-28T00:58:13Z,true,0.44
Donn,University Park,399676,10787559,14186083,41,631,0.2,2019-01-23T15:42:49Z,true,0.94
Gianna,Uptown,693026,5846997,9735858,101,402,0.5,2018-03-09T00:29:36Z,false,0.34
Lion,University Park,114704,13559000,14383697,87,811,1.0,2018-09-16T01:20:58Z,true,0.82
Milzie,Richardson,110431,6420130,9419651,279,471,0.3,2018-05-21T03:44:24Z,true,0.5
Rosanna,University Park,899313,3774514,9518340,60,550,1.0,2018-03-13T17:23:19Z,false,0.78
Janaye,Plano,581171,10952433,6609010,191,490,0.4,2018-11-03T07:04:45Z,false,0.43
Randolf,Uptown,879451,1991930,8524579,164,419,0.8,2018-12-05T22:50:43Z,true,0.25
Benito,Preston Hollow,163375,14628458,14097997,110,792,0.5,2019-01-01T06:23:41Z,true,0.28
Donica,Richardson,303512,10925980,4241799,174,588,0.3,2018-04-06T18:40:38Z,true,0.39
Thoma,University Park,947234,2754733,11354918,63,359,0.8,2018-07-02T12:30:23Z,true,0.21
Art,University Park,849151,11281651,11030989,352,680,0.9,2019-01-22T03:43:13Z,false,0.59
Josey,Highland Park,149698,12172750,12675699,319,761,0.4,2018-11-12T08:14:22Z,true,0.85
Ewell,University Park,515757,1470650,12071342,37,473,0.9,2018-11-01T11:37:54Z,true,0.32
Vannie,Preston Hollow,209776,9905473,1975657,18,550,0.7,2018-04-21T08:02:52Z,true,0.97
Orazio,University Park,265507,6076946,2975493,286,621,0.9,2018-12-02T19:06:27Z,true,0.07
Reamonn,Uptown,899570,4135471,9101662,97,379,0.4,2018-04-05T14:14:20Z,true,0.89
Leo,University Park,246054,13741557,8972402,155,782,1.0,2018-06-26T16:21:10Z,true,0.76
Chadd,University Park,982787,1302659,5206353,118,419,0.8,2018-12-31T14:52:58Z,false,0.71
Karlen,Plano,633220,8188644,1394942,29,376,0.7,2018-08-27T05:35:39Z,true,0.01
Durant,Highland Park,53031,8043497,14959078,17,789,0.7,2018-07-02T09:23:41Z,false,0.8
Lorelle,University Park,563407,13373730,9714312,145,734,0.5,2019-01-03T09:37:07Z,false,0.39
Hedvige,Richardson,390029,11994718,8304260,148,778,0.4,2018-09-11T05:42:13Z,true,0.73
Tris,Plano,325145,4124843,14650998,105,449,0.4,2018-10-07T22:22:10Z,true,0.84
Madel,Preston Hollow,677310,12602764,1456387,102,490,0.2,2018-07-08T19:22:43Z,true,0.14
Orelie,Highland Park,861928,1263318,9763968,299,673,0.3,2019-01-02T13:29:46Z,false,0.09
Genia,Richardson,584008,639281,9556717,273,686,0.9,2018-06-15T00:16:02Z,true,0.69
Addy,Uptown,550035,1441240,14938116,273,506,0.4,2018-12-22T04:23:50Z,true,0.94
Ron,Plano,260893,4593123,14198463,275,508,0.7,2018-11-27T00:51:50Z,true,0.48
Kathryne,Richardson,660070,9625072,11505107,101,536,0.3,2018-04-05T21:56:19Z,false,0.71
Eamon,Preston Hollow,765316,8166310,3334156,190,825,0.8,2018-05-22T05:52:30Z,true,0.83
Roy,University Park,190181,12169913,11159474,101,360,0.3,2018-11-25T19:42:59Z,true,0.47
Corina,Preston Hollow,859708,4752329,8711070,292,437,0.2,2018-11-18T13:33:42Z,true,0.22
Delaney,Uptown,332958,8929311,10197286,225,608,0.7,2018-09-29T14:29:20Z,false,0.47
Morly,Uptown,542683,9541629,4997244,327,790,0.2,2019-01-18T16:06:01Z,true,0.1
Melly,University Park,457197,8521719,10331118,353,584,0.2,2018-12-16T06:30:46Z,true,0.66
Pauly,Uptown,697311,190395,12393364,149,373,1.0,2018-03-18T22:32:12Z,false,0.13
Damiano,Preston Hollow,548076,14052407,8843630,229,660,0.5,2018-11-15T11:31:22Z,true,0.5
Talbert,University Park,379807,5551083,2018070,35,645,0.4,2018-10-13T01:32:58Z,false,0.87
Zaccaria,Highland Park,896982,8736040,7734379,25,411,0.2,2018-11-08T22:50:51Z,true,0.47
Eydie,Preston Hollow,88536,12615724,12890904,147,780,0.4,2018-07-25T07:42:49Z,true,0.95
Casper,Richardson,103562,5785268,6099275,305,826,0.6,2019-02-01T05:14:23Z,false,0.24
Letty,Plano,499262,1671098,6032767,49,633,0.3,2018-08-28T15:52:30Z,false,0.53
Stacy,Highland Park,565737,3156389,13084022,246,808,0.9,2019-01-10T15:30:39Z,true,0.05
Ulric,Preston Hollow,60489,7468073,7863706,134,401,1.0,2018-05-29T02:53:13Z,false,0.25
Fonsie,University Park,15474,13268346,6687185,164,539,0.6,2018-05-24T21:48:28Z,false,0.89
Alexis,Preston Hollow,105498,2304570,10900995,187,538,0.3,2018-12-29T10:18:48Z,false,0.01
Jilly,Richardson,816753,12909249,4804141,25,732,0.7,2018-11-21T07:47:26Z,false,0.17
Bride,Preston Hollow,793264,8918437,7835425,234,741,0.7,2018-09-19T20:56:43Z,true,0.76
Bartholomeus,Uptown,460363,12694552,13898835,189,791,0.8,2018-05-17T10:18:20Z,true,0.89
Margarita,Plano,550331,6308530,13755572,357,510,0.4,2018-11-09T08:53:02Z,false,0.1
Murvyn,Richardson,65623,7131656,3133551,237,678,0.5,2019-02-11T01:28:04Z,false,0.52
Taite,Highland Park,563230,2951102,4089485,354,819,0.5,2018-09-10T14:51:31Z,false,0.38
Pip,Highland Park,180928,3623786,7495847,295,565,0.3,2018-06-29T11:46:34Z,false,0.56
Fabiano,University Park,803025,196620,4627768,210,784,0.3,2019-01-18T11:27:29Z,false,0.51
Tadd,University Park,777376,3564363,10073408,239,816,0.9,2018-08-17T15:42:18Z,false,0.22
Lyndsay,Plano,809533,13494189,12877369,215,630,0.1,2018-07-26T22:46:47Z,true,0.56
Sherline,Richardson,487658,13358453,2693350,306,798,0.3,2019-02-14T21:17:58Z,false,0.68
Hortensia,Uptown,809380,4636446,132688,73,804,0.8,2019-02-07T11:08:34Z,false,0.28
Deny,Highland Park,526208,12331651,3304939,133,685,0.9,2018-08-03T18:53:48Z,false,1.0
Troy,Uptown,397121,9915062,11152188,129,819,0.9,2019-01-26T11:49:27Z,true,0.53
Lindy,Richardson,835760,6919821,10391060,109,628,0.9,2018-05-10T13:44:49Z,true,0.79
Ulrika,Preston Hollow,180559,13537710,8795071,25,463,0.3,2018-03-02T01:56:56Z,true,0.62
Magda,Plano,390977,7108235,11342219,268,563,0.5,2018-07-10T07:58:38Z,true,0.02
Koren,University Park,864063,4438555,3867668,27,489,1.0,2018-09-12T06:11:45Z,false,0.32
Lion,Richardson,632395,4112902,2484024,171,390,0.7,2018-11-30T03:53:02Z,false,0.7
Serene,Highland Park,315711,11733682,11654735,99,377,0.7,2018-02-24T16:29:46Z,true,0.17
Boonie,University Park,323514,3880181,14699513,233,431,0.2,2018-04-06T07:49:48Z,false,0.22
Rickey,Preston Hollow,339813,4067178,7832792,113,809,0.7,2018-04-05T18:24:51Z,false,0.18
Frazier,University Park,666826,9915462,618508,215,696,0.5,2018-11-27T04:55:26Z,false,0.32
Waldo,Preston Hollow,319563,9424485,9481867,270,384,0.2,2018-10-06T01:07:31Z,true,0.26
Minnnie,University Park,540821,11294765,7449080,276,730,0.7,2018-05-14T05:58:40Z,true,0.77
Ive,University Park,296470,9114525,6541349,273,835,0.4,2018-12-19T14:48:20Z,true,0.08
Corry,Highland Park,537352,1114499,3340341,359,609,0.5,2018-11-02T02:39:44Z,true,0.15
Eugenia,Plano,804420,1693079,10704892,228,625,0.2,2018-11-18T12:56:26Z,true,0.67
Cary,Richardson,571423,5043439,5562473,226,515,0.9,2019-02-22T09:17:25Z,false,0.39
Adolpho,Preston Hollow,664872,2443573,7477159,124,505,0.2,2018-09-24T18:43:58Z,false,0.23
Dino,Preston Hollow,378663,7156885,2468004,154,704,0.7,2018-12-07T08:38:55Z,true,0.27
Giusto,Uptown,713831,5638699,11817545,284,692,0.1,2018-09-03T23:09:53Z,false,0.09
Blakelee,Richardson,205426,42304,882671,123,630,0.8,2018-09-24T07:02:39Z,true,0.02
Alard,Richardson,64590,14812309,4955905,162,580,1.0,2018-03-27T12:29:03Z,true,0.16
Krystyna,Highland Park,943227,13112177,13365523,191,580,0.2,2018-10-18T18:24:48Z,false,0.59
Corette,Plano,360635,5528896,1558442,31,500,0.6,2018-11-21T00:57:08Z,true,0.51
Patricio,Preston Hollow,504289,4634465,9378567,293,550,0.7,2019-02-22T05:23:38Z,false,0.72
Wilden,Preston Hollow,788513,6813270,13319129,116,439,0.7,2018-04-17T23:26:48Z,false,0.48
Hakim,Richardson,737991,2073463,14332847,54,432,0.8,2018-07-06T05:51:42Z,false,0.1
Egbert,Uptown,176939,14417573,5263253,33,672,0.2,2019-02-02T15:42:16Z,true,0.41
Vito,Highland Park,664333,13874877,3501611,188,466,0.5,2018-05-13T15:46:26Z,true,0.15
Riki,Richardson,436060,11053829,1244367,211,736,1.0,2018-06-23T05:12:44Z,false,0.95
Berny,Richardson,335944,11020487,4685309,86,618,0.4,2018-04-13T03:18:58Z,true,0.2
Ezechiel,Uptown,293522,4680454,6368964,86,592,1.0,2018-10-30T02:03:06Z,true,0.19
Janeen,Plano,178554,1325263,4679348,168,389,0.5,2018-06-06T08:04:23Z,true,0.73
Perle,Preston Hollow,101857,10703882,6472827,84,823,1.0,2019-02-08T23:50:52Z,true,0.87
Robbyn,Highland Park,798353,253565,6239671,61,842,0.1,2018-06-02T09:29:25Z,true,0.85
Alphonse,Highland Park,203004,14162361,14588421,117,801,0.5,2018-10-22T17:45:27Z,false,0.47
Eldredge,University Park,887991,9345026,13775711,254,389,0.7,2018-04-11T04:36:33Z,true,0.1
Yevette,Preston Hollow,571589,10734509,7339704,54,795,1.0,2019-02-23T06:29:18Z,false,0.2
Valentine,University Park,65513,13402353,3544545,59,487,0.7,2018-12-29T16:14:05Z,true,0.61
Sallee,Plano,175877,12802944,2980319,330,520,0.4,2018-07-25T05:31:45Z,false,0.98
Rabbi,University Park,239434,8347424,7935340,238,845,0.6,2018-05-08T03:48:06Z,true,0.69
Julie,University Park,451166,10867430,2756407,106,729,1.0,2018-12-04T01:47:54Z,true,0.45
Merrilee,Preston Hollow,917878,1963041,6195388,99,832,0.7,2018-03-06T17:03:33Z,false,0.41
Drucie,Uptown,145115,11122023,13845718,328,618,0.9,2018-10-30T22:48:10Z,true,0.44
Milka,Uptown,128900,3043967,6198975,33,516,0.5,2018-09-05T23:06:42Z,true,0.83
Briano,Plano,392675,12802820,12560145,137,496,0.3,2018-09-30T12:53:38Z,true,0.15
Brenden,Uptown,526867,11153465,9612096,242,518,0.7,2018-08-11T08:41:08Z,false,0.77
Ricki,Preston Hollow,916894,12545464,11882226,241,458,0.3,2018-12-06T22:13:58Z,true,0.93
Romona,Richardson,527365,12484737,5630555,77,369,0.2,2018-03-15T17:55:40Z,false,0.76
Annemarie,Highland Park,681958,7433671,6760056,46,482,0.3,2018-12-25T19:20:02Z,false,0.43
Janie,Richardson,132526,8133255,13001745,309,636,0.5,2018-07-29T06:23:55Z,false,0.45
Andonis,Plano,581932,14430823,12021199,161,843,0.2,2018-11-14T10:06:35Z,false,0.56
Hasty,Highland Park,71604,2670300,795127,223,504,0.6,2018-12-06T01:02:38Z,true,0.45
Eydie,Preston Hollow,356094,8076627,6749896,248,804,0.4,2018-09-07T17:20:32Z,true,0.04
Alexine,Uptown,297133,10550045,10892386,156,496,0.4,2018-10-17T10:19:25Z,true,0.84
Teresina,Plano,791709,2078680,733052,219,707,0.7,2018-08-07T17:32:23Z,true,0.48
Donna,Plano,917814,6584728,319327,128,764,1.0,2018-08-14T14:53:23Z,false,0.11
Chas,University Park,622979,650804,12739560,16,367,1.0,2018-12-09T06:02:29Z,true,0.83
Bell,Richardson,162825,5962140,13907391,253,718,0.2,2018-10-04T06:27:30Z,false,0.63
Rolando,Plano,402261,14709413,5362121,258,361,0.2,2018-11-17T03:45:26Z,false,0.86
Amie,Richardson,743823,13621237,9308821,198,407,0.1,2019-01-13T18:33:25Z,false,0.23
Demetri,University Park,184889,2606034,9724555,119,702,0.7,2018-05-08T22:11:54Z,true,0.0
Artemis,Highland Park,659737,13330235,4300204,137,649,0.2,2018-11-05T13:06:52Z,false,0.28
Fiona,Preston Hollow,961380,8518237,14101854,215,480,0.6,2019-01-06T08:49:34Z,false,0.57
Silvester,Uptown,31507,2779420,9521456,149,402,0.8,2018-04-25T22:11:30Z,false,0.94
Neddie,Preston Hollow,460031,14014437,5112115,195,782,0.7,2018-10-09T12:48:12Z,false,0.7
Georgi,Plano,677209,2877960,8290814,25,814,0.5,2018-06-07T18:09:47Z,false,0.09
Dreddy,Richardson,875395,13841918,9846964,51,614,0.8,2018-03-09T09:13:34Z,true,0.4
Megan,Highland Park,683609,3432761,7019731,139,379,0.5,2018-09-30T19:52:19Z,true,0.62
Moore,Uptown,837841,7378818,1862800,307,536,0.5,2018-05-24T16:56:21Z,false,0.71
Jill,University Park,947866,13135029,3429401,213,521,0.8,2018-12-31T09:58:47Z,true,0.77
Edythe,Highland Park,177072,4509561,8311488,349,523,0.6,2018-04-18T23:28:11Z,true,0.91
Timofei,Highland Park,990470,3193935,9984651,49,849,0.7,2018-11-20T16:22:33Z,false,0.0
Grace,University Park,206375,6613995,13581397,16,419,0.6,2018-03-13T22:42:52Z,true,0.91
Olimpia,Highland Park,133013,13675138,11829966,337,583,0.7,2018-07-16T20:15:05Z,false,0.07
Carlie,Highland Park,877068,8708141,9199907,127,466,0.6,2018-09-10T10:09:58Z,false,0.47
Tobe,Richardson,630928,13334620,13301550,173,568,0.7,2019-01-19T08:10:33Z,false,0.54
Demetre,University Park,483381,7554555,4237100,275,804,0.8,2018-09-05T12:28:56Z,true,0.22
Filip,Highland Park,121774,9012982,6311923,312,643,1.0,2018-11-02T19:49:53Z,false,0.41
Joe,Preston Hollow,856860,4540283,10871876,37,613,0.7,2018-09-02T07:18:46Z,false,0.48
Niven,Richardson,52545,13681820,12834400,188,755,0.1,2018-03-20T02:30:58Z,true,0.15
Abe,Preston Hollow,63205,13069626,2786302,97,754,0.6,2018-06-23T21:25:40Z,true,0.6
Robbie,Plano,139590,14474835,3720671,12,550,0.9,2018-11-20T17:41:52Z,true,0.28
Janith,Richardson,432647,3433643,1710451,293,389,0.7,2018-11-22T22:32:09Z,true,0.42
Ali,Uptown,67844,4970090,9853971,141,405,0.6,2018-10-02T21:46:57Z,true,0.28
Minnnie,Uptown,800392,6050980,10534285,327,647,0.9,2018-11-17T19:11:21Z,false,0.18
Darell,Highland Park,143642,6357220,4003970,235,459,0.3,2018-08-30T10:08:19Z,false,0.24
Chan,Plano,482519,12992192,12276872,165,396,0.2,2019-02-13T00:32:05Z,true,0.57
Veriee,Highland Park,946083,604024,10140128,216,576,0.2,2019-02-16T19:26:14Z,true,0.36
Franny,Uptown,715903,13074714,6547636,286,769,0.4,2018-08-02T08:38:26Z,true,0.6
Moritz,Highland Park,592255,7968921,2773391,155,726,0.9,2019-02-11T14:40:31Z,false,0.58
Lanette,Plano,213580,231140,12086236,55,524,0.6,2018-03-16T14:54:29Z,false,0.58
Kurtis,Uptown,819482,3946223,6002649,134,505,0.3,2018-09-04T08:44:04Z,false,0.01
Lian,University Park,190500,14950073,10121090,126,548,0.6,2018-07-29T13:11:12Z,true,0.8
Marisa,Highland Park,984452,3297443,1345185,213,695,0.6,2018-09-04T23:30:57Z,true,0.98
Hieronymus,Richardson,675966,14887261,9465769,331,690,0.1,2019-02-05T01:41:19Z,true,0.86
Broddy,Richardson,784076,3099385,2386206,276,755,0.7,2018-10-17T21:36:08Z,false,0.03
Sylvan,Highland Park,484756,2729917,12334793,252,586,0.1,2018-04-04T13:02:06Z,true,0.47
Humphrey,Uptown,389726,13850267,3959160,193,509,0.7,2018-08-16T00:11:15Z,true,0.64
Yurik,Richardson,853492,2536931,7522300,320,597,0.7,2018-08-22T18:27:25Z,false,0.4
Ephrem,Highland Park,682989,6757692,6043895,140,481,0.6,2019-01-13T02:34:41Z,false,0.39
Haywood,Highland Park,637104,13020579,10230347,110,383,0.4,2018-08-10T14:58:28Z,false,0.14
Merrily,Richardson,288445,5778621,8320723,55,541,0.7,2018-10-12T00:51:15Z,false,0.27
Adrienne,Richardson,726431,695881,10848033,161,631,0.7,2019-01-13T23:58:18Z,false,0.3
Nana,University Park,776985,7973438,6560641,95,458,1.0,2019-01-03T13:36:03Z,true,0.75
Emmalynn,Preston Hollow,66506,1623573,7761803,164,383,0.8,2018-04-18T16:04:53Z,false,0.26
Sissy,Plano,318836,3082898,3804243,75,841,0.4,2018-06-13T14:30:43Z,false,0.27
Emanuel,University Park,687838,14514879,7567288,287,371,0.9,2018-05-07T17:53:39Z,false,0.69
Constantia,Highland Park,146344,4501689,5902489,34,423,0.9,2018-03-15T01:05:14Z,true,0.73
Wally,Uptown,798452,5244148,14289871,286,503,0.6,2018-10-13T17:46:53Z,false,0.25
Tate,University Park,197368,1460857,11458549,270,386,0.8,2018-09-06T22:30:24Z,true,0.85
Christie,Richardson,975847,2489987,6767890,224,433,0.6,2018-11-16T18:33:35Z,false,0.57
Garwood,Plano,816209,391573,8583908,136,728,0.8,2018-05-31T00:14:17Z,true,0.52
Albertine,University Park,889940,4222727,6913933,99,509,1.0,2018-07-26T07:37:51Z,false,0.51
Marillin,Preston Hollow,518292,6699241,8824293,335,847,0.7,2018-11-09T17:28:59Z,true,0.5
Yehudit,University Park,799902,1340530,12820173,24,601,0.3,2018-03-21T12:31:16Z,true,0.63
Gunner,Richardson,374317,14323447,292777,303,438,0.4,2018-08-27T09:45:04Z,false,0.43
Jean,Highland Park,474778,1307355,6704516,203,403,0.4,2018-12-12T10:14:51Z,false,0.39
Ker,Richardson,853508,3032949,687044,162,819,0.6,2018-11-23T03:24:40Z,true,0.79
Antons,Preston Hollow,594633,2476666,5624962,270,507,0.6,2018-10-16T18:58:48Z,false,0.1
Kitty,Uptown,831225,4410909,4949012,276,804,0.5,2018-04-09T16:53:56Z,false,0.29
Shoshanna,Uptown,327248,12902422,4473505,356,720,0.3,2018-04-14T00:25:36Z,true,0.31
Berk,Richardson,436417,12602785,6171355,34,652,0.2,2018-03-07T06:16:12Z,false,0.94
Alexandros,University Park,507535,6282644,12773942,337,539,0.1,2018-07-19T02:00:18Z,false,0.39
Cathleen,Highland Park,34821,3288988,14821637,252,692,0.7,2019-02-11T21:39:58Z,true,0.1
Carlyn,Preston Hollow,22655,14659267,6910986,20,762,0.5,2018-07-10T05:22:50Z,false,0.8
Fleurette,Richardson,165908,3172397,388543,62,779,0.8,2018-04-29T01:54:18Z,false,0.12
Tedda,Preston Hollow,478550,7370218,2378108,341,533,0.1,2018-03-05T08:32:41Z,true,0.58
Hyman,Uptown,58832,11184062,14400122,166,817,0.4,2019-02-20T00:10:56Z,true,0.69
Donnie,University Park,695164,3569109,11041196,177,459,0.2,2018-04-29T05:58:57Z,true,0.75
Eddie,Preston Hollow,89904,13736481,800844,324,774,0.8,2018-06-26T10:21:20Z,true,0.01
Gauthier,Highland Park,454736,7682524,12868243,105,681,0.9,2018-11-24T22:26:28Z,false,0.1
Merle,University Park,828621,4748659,8155330,360,355,0.4,2019-02-21T17:42:09Z,true,0.35
Corbet,Uptown,635414,5245182,6996353,33,781,0.4,2018-09-23T21:46:16Z,true,0.15
Shaine,Highland Park,872846,4339075,7922523,172,506,0.2,2018-08-11T21:21:32Z,false,0.96
Harriet,University Park,723878,3702821,2014211,212,654,0.9,2018-12-15T02:12:41Z,false,0.06
Rhoda,Plano,478146,5928482,9096372,272,423,1.0,2018-05-08T20:43:07Z,false,0.8
Roxi,Highland Park,925340,13083836,14625012,359,721,0.2,2019-01-17T19:09:28Z,false,0.1
Paulette,Uptown,841566,13949107,7725434,157,616,0.8,2018-09-10T04:14:19Z,true,0.21
Blayne,Highland Park,412166,10124985,10258464,339,360,0.2,2018-09-25T15:33:16Z,false,0.0
Clarence,Preston Hollow,554322,7335725,4510129,54,380,0.4,2018-05-13T07:43:33Z,false,0.97
Dickie,Highland Park,797495,14669866,10954581,119,387,0.9,2019-02-20T06:45:49Z,true,0.57
Carmina,Uptown,992156,245718,7117284,58,826,0.7,2018-06-12T12:02:08Z,false,0.41
Zuzana,Plano,729754,3853160,804431,314,521,0.9,2018-09-20T18:33:29Z,false,0.97
Freddy,Preston Hollow,268586,3080586,7620857,212,833,0.5,2019-02-12T14:10:31Z,false,0.48
Toddy,Preston Hollow,887962,8499823,9346627,247,626,0.9,2018-03-20T08:13:26Z,false,0.01
Ursala,Highland Park,955663,4764653,13024075,321,548,0.7,2018-12-27T18:37:06Z,true,0.78
Jacintha,University Park,992021,10446034,3350891,81,671,0.3,2018-06-08T22:53:43Z,false,0.87
Heindrick,Preston Hollow,789766,13454725,4966320,254,478,0.2,2018-11-02T21:47:43Z,true,0.81
Celine,Preston Hollow,967359,6732336,14000152,123,838,0.6,2018-10-14T22:12:35Z,false,0.14
Joli,Richardson,124733,9760976,5529473,198,517,0.6,2019-01-09T22:44:51Z,true,0.92
Annabela,Highland Park,675029,10965135,13436566,72,728,0.7,2018-08-24T02:53:01Z,false,0.91
Tull,Uptown,799202,2718960,6208803,196,726,0.7,2018-09-25T06:55:07Z,true,0.48
Bettine,Uptown,994526,11428986,14131324,96,571,0.6,2018-04-28T21:45:30Z,false,0.05
Jamesy,Preston Hollow,398791,5064626,8123812,106,365,0.7,2018-06-07T09:34:32Z,true,0.28
Dehlia,Uptown,528892,4819856,13388109,108,633,0.1,2019-01-22T01:49:58Z,false,0.77
Wyatan,Uptown,531312,250847,4864293,149,703,0.7,2018-08-22T19:00:25Z,false,0.03
Marietta,Plano,388349,929658,12083436,25,388,0.3,2018-06-12T17:54:07Z,true,0.04
Elbertine,Highland Park,637823,2701689,12685688,195,592,0.9,2018-09-11T04:31:57Z,false,0.66
Ethelred,Plano,57896,7453207,2034290,31,447,0.3,2018-12-07T15:32:37Z,false,0.5
Iorgos,Plano,658590,4240992,8295705,357,730,0.2,2019-02-18T01:17:41Z,false,0.79
Murdock,University Park,422272,14322494,6882867,27,678,0.3,2018-05-05T15:37:13Z,false,0.45
Anatollo,Richardson,298392,8075551,3925395,192,814,0.5,2018-08-27T11:06:35Z,false,0.2
Cayla,Preston Hollow,803236,12263337,3864944,145,828,0.7,2018-12-07T13:45:38Z,true,0.27
Kata,Preston Hollow,534514,1987112,5189708,349,531,0.3,2018-05-23T01:51:05Z,true,0.3
Bette-ann,Richardson,427833,14364157,2236513,54,498,0.2,2018-12-25T16:28:25Z,false,0.04
Alair,Highland Park,419951,13046010,11265525,157,504,0.8,2019-01-17T13:05:49Z,false,0.75
Celene,Preston Hollow,490048,10778446,4787666,315,544,0.4,2019-01-04T22:52:43Z,true,0.92
Dillon,Preston Hollow,302437,12159370,10648814,167,461,0.3,2018-09-27T07:43:26Z,false,0.96
Kiah,Richardson,912345,3869981,5672296,78,526,0.5,2018-12-17T23:34:20Z,false,0.85
Galina,Uptown,896788,14355144,8488062,187,781,0.9,2018-10-03T17:58:28Z,true,0.24
Alyosha,Uptown,921471,14337390,7577486,358,640,0.3,2019-02-06T18:34:12Z,false,0.59
Theda,Highland Park,254151,5205411,10558961,120,606,0.4,2018-09-12T16:32:15Z,false,0.8
Kellie,Richardson,625261,1526746,2031899,190,470,0.2,2018-10-03T02:55:38Z,true,0.5
Hilary,Plano,229183,1212644,12928321,122,613,0.2,2019-01-22T12:28:05Z,true,0.77
Kirby,Plano,181126,1226789,202420,149,350,0.5,2018-07-07T04:22:57Z,true,0.14
Liv,University Park,433043,5618402,8011709,196,366,0.3,2018-08-08T18:31:22Z,true,0.47
Ophelie,Uptown,291973,12738517,12534397,179,796,0.3,2019-02-09T11:53:27Z,true,0.77
Tris,University Park,553854,3013863,10841397,62,776,0.5,2018-11-19T13:42:52Z,true,0.54
Sibella,Uptown,152967,642898,12727822,156,457,0.8,2018-05-31T17:54:54Z,true,0.74
Brianna,Richardson,206383,6287751,13632767,123,848,1.0,2018-06-19T01:51:29Z,true,0.4
Olva,University Park,657007,7466376,3476661,60,410,0.3,2018-07-16T00:46:29Z,true,0.0
Wildon,Highland Park,391872,8050083,3355772,233,677,0.8,2018-09-28T23:52:23Z,true,0.64
Base,Uptown,410721,7294308,579671,250,690,0.7,2018-12-05T10:15:06Z,false,0.96
Cecilio,Highland Park,743001,6904119,3847723,187,362,0.5,2018-11-18T06:40:43Z,true,0.04
Georgine,Highland Park,859204,6482543,10673953,196,737,0.5,2018-11-21T00:21:25Z,false,0.25
Francesca,Preston Hollow,796292,9314773,8490673,265,785,0.9,2018-06-29T03:30:26Z,false,0.96
Melony,Highland Park,58795,4449186,2529825,355,357,1.0,2018-11-03T13:03:45Z,false,0.1
Augy,Preston Hollow,921132,4393618,4954738,40,563,0.3,2018-03-11T12:21:33Z,false,0.88
Rosalyn,Plano,833747,457114,1378696,128,457,0.8,2019-01-08T10:28:38Z,false,0.49
Ram,University Park,528168,2224899,9862587,155,434,0.8,2018-10-12T00:00:01Z,true,0.73
Marietta,Uptown,662054,7152129,4433563,347,359,0.5,2018-09-02T01:57:42Z,true,0.7
Ambrose,Richardson,572413,4825530,8934883,110,456,0.4,2018-09-11T10:52:11Z,false,0.76
La verne,Uptown,600721,3036695,10167298,26,420,0.9,2018-05-30T17:04:25Z,true,0.43
Gerianne,Plano,226069,589731,13052911,135,684,0.9,2018-05-26T16:57:02Z,false,0.12
Margarete,Richardson,619019,8798518,9911691,227,539,0.8,2018-11-01T08:53:36Z,false,0.6
Zachariah,Highland Park,225788,4134175,9379796,195,544,0.6,2018-07-05T15:47:31Z,false,0.04
Tanner,Uptown,282390,8665262,10632979,32,413,1.0,2018-07-16T21:45:07Z,true,0.06
Alva,Plano,900225,10490014,3856546,189,458,0.3,2019-01-19T23:02:34Z,true,0.77
Berke,Preston Hollow,417107,5314637,2441849,205,824,0.2,2018-09-17T02:58:16Z,true,0.82
Hieronymus,Uptown,439010,9893375,11548789,194,495,0.3,2018-06-27T16:07:59Z,true,0.27
Mercy,Richardson,41446,1932251,4250000,96,603,0.8,2019-02-08T10:43:12Z,true,0.81
Salvidor,Highland Park,765613,7930359,9660861,359,643,0.3,2018-05-24T14:22:39Z,false,0.71
Kain,Uptown,463413,6465608,1159692,148,567,0.3,2018-03-19T20:29:55Z,true,0.76
Jules,Uptown,849617,5871835,11113155,237,794,0.5,2018-04-20T16:10:35Z,false,0.93
Husein,University Park,51326,5326306,8540914,288,356,0.5,2018-10-28T23:23:15Z,true,0.33
Pierson,Plano,776560,1732402,7128848,284,830,0.1,2018-07-18T00:42:45Z,true,0.34
Kelby,Plano,580085,3265749,13495955,166,659,0.7,2018-05-06T18:58:15Z,true,0.47
Magdalene,Highland Park,961277,9795303,11669774,285,371,0.2,2018-07-04T18:17:01Z,true,0.66
Rosabel,University Park,932251,8250213,12320052,168,652,0.7,2018-11-06T15:26:40Z,false,0.69
Mac,Richardson,941318,8943200,3056688,250,430,0.4,2018-11-12T21:49:02Z,true,0.4
Mick,Plano,923696,7123270,7612337,86,425,1.0,2018-03-03T01:35:41Z,false,0.05
Hastings,Plano,318763,7302342,6229678,166,708,0.3,2018-05-06T16:51:03Z,true,0.05
Garth,Highland Park,716191,9147871,6306518,29,590,0.4,2019-01-12T14:50:14Z,true,0.44
Ros,Richardson,922435,7496981,5998867,26,675,0.3,2019-02-15T10:03:57Z,true,0.05
Aundrea,University Park,77046,7738324,4579888,242,641,0.2,2018-03-04T09:12:09Z,false,0.22
Maridel,Plano,244533,8447103,11209445,303,682,0.2,2019-01-12T09:31:09Z,true,0.59
Philippine,Plano,675405,4624377,10176456,133,394,0.6,2018-11-21T07:58:13Z,false,0.43
Dniren,Richardson,482765,1695630,7970792,317,471,0.6,2018-10-26T02:48:12Z,true,0.05
Cassondra,University Park,244730,11008084,13652580,45,423,0.4,2018-10-12T18:29:49Z,true,0.99
Mandie,Highland Park,738001,7854043,4232336,323,677,1.0,2018-11-17T04:02:24Z,true,0.86
Joanie,University Park,805339,906841,12151349,126,591,0.8,2018-11-11T03:41:09Z,true,0.19
Amaleta,Plano,409247,13026697,4273990,131,361,0.4,2019-02-22T18:04:04Z,true,0.58
Nikki,Richardson,287034,8847474,6551565,284,691,0.9,2018-05-30T15:59:55Z,false,0.06
Nelle,Highland Park,387216,7385156,2793732,227,628,0.3,2018-09-21T03:38:59Z,false,0.2
Hermine,University Park,58819,1452703,13044841,109,465,0.8,2018-02-27T08:53:19Z,false,0.61
Georgie,Preston Hollow,307628,4812638,205134,158,606,0.4,2019-01-26T21:54:03Z,true,0.51
Hyman,Plano,753349,7252603,9317556,65,792,0.7,2018-09-22T09:52:13Z,true,0.76
Ali,Preston Hollow,997969,5547865,7111331,130,529,0.2,2018-04-30T23:08:24Z,false,0.87
Marcelo,Preston Hollow,743295,13842566,6734661,188,425,0.5,2018-06-06T18:15:07Z,false,0.99
Laina,Highland Park,561347,6805171,3055231,185,457,0.3,2018-05-13T19:22:41Z,false,0.58
Candra,Uptown,627912,965782,5884189,32,550,0.6,2018-11-21T10:34:41Z,false,0.54
Libby,Highland Park,84405,10464834,65741,136,615,0.3,2018-12-08T19:39:36Z,true,0.83
Quinn,Plano,418720,13407170,1405797,76,747,0.3,2019-01-17T12:43:18Z,true,0.56
Veronika,Uptown,743056,12457198,5637757,230,692,0.6,2018-08-03T15:19:08Z,false,0.23
Nicko,Preston Hollow,67258,8477892,14289000,307,368,0.6,2018-04-27T01:03:15Z,false,0.99
Marylynne,Preston Hollow,727811,3573608,7140699,163,379,0.4,2019-01-30T00:41:06Z,true,0.64
Edward,University Park,974456,864705,12247319,350,689,0.2,2018-03-16T09:52:47Z,true,0.96
Almeria,Plano,86095,5711241,1488635,242,607,0.3,2018-03-14T12:03:21Z,false,0.34
Cordelia,Richardson,421384,1207373,5643526,319,769,0.2,2018-03-07T12:08:04Z,true,0.03
Ricard,Richardson,84720,505246,13803938,269,665,0.2,2018-06-16T08:35:28Z,true,0.12
Feliks,Richardson,92366,9246872,12748077,263,754,1.0,2019-02-05T10:36:22Z,true,0.36
Leighton,Highland Park,287479,850172,4061763,238,367,0.4,2019-01-04T06:33:32Z,true,0.5
Hinze,Plano,879798,14927588,7285235,282,463,0.6,2018-09-24T12:49:02Z,true,0.35
Jephthah,Plano,796808,14117824,6811848,34,427,0.6,2018-11-14T02:10:18Z,true,0.86
Jessalin,Preston Hollow,418916,10896229,8212129,55,698,0.4,2018-06-06T23:39:07Z,false,0.86
Krissie,Uptown,856628,2950378,14762562,201,411,0.3,2018-03-29T08:03:09Z,false,0.71
Babbie,Preston Hollow,302016,13632983,12516421,250,565,0.9,2018-07-16T13:28:54Z,true,0.69
Gaye,Plano,609910,7332054,7256602,233,409,0.1,2019-01-15T20:08:53Z,false,0.62
Whitaker,Plano,850474,3633653,9820633,235,715,0.6,2019-02-01T15:29:54Z,true,0.4
Woody,Plano,877014,259111,10966149,39,413,0.9,2018-12-25T18:02:27Z,false,0.86
Chandal,Preston Hollow,586756,9827468,2596346,215,649,0.6,2018-07-06T16:49:48Z,false,0.72
Cullan,Highland Park,995665,7962752,10162821,160,609,0.3,2018-11-07T12:11:01Z,false,0.35
Francyne,Richardson,820559,8931970,2072551,40,694,0.1,2019-02-07T22:21:19Z,false,0.5
Nonnah,Plano,792927,12894388,14307411,89,747,0.7,2018-08-19T22:35:32Z,true,0.72
Janifer,Highland Park,327542,5271917,8764060,327,661,0.8,2018-08-29T01:00:32Z,false,0.59
Kevon,Richardson,615382,14815553,5720921,257,597,0.7,2018-10-12T03:23:49Z,true,0.67
Roberta,Richardson,94557,8644462,971050,285,644,0.7,2018-03-27T14:14:45Z,true,0.47
Yevette,Highland Park,224809,6640438,7434530,58,727,1.0,2018-12-02T02:45:50Z,false,0.32
Corella,Uptown,701506,7312556,7909451,207,550,0.4,2018-07-22T22:07:41Z,true,0.36
Guntar,Preston Hollow,793989,963060,943406,210,709,0.3,2018-03-13T06:23:27Z,true,0.91
Corabella,Richardson,520628,3439191,5621728,321,768,1.0,2018-09-14T06:52:41Z,true,0.8
Enid,Richardson,130659,7949271,12314781,39,370,0.5,2018-11-12T16:16:35Z,false,0.26
Thacher,Preston Hollow,133327,1206409,11822552,142,492,0.7,2018-10-25T23:25:49Z,true,0.04
Ema,Richardson,727900,6635312,4460295,294,834,0.4,2018-12-07T11:52:23Z,true,0.9
Alano,Plano,360938,759421,1124379,305,816,0.3,2018-07-21T15:21:58Z,false,0.55
Perle,Plano,383027,4862986,719348,239,796,0.2,2018-10-15T22:09:31Z,true,0.98
Ephrayim,Uptown,282263,7531694,12572102,314,400,0.7,2019-02-22T06:54:27Z,false,0.55
Iormina,University Park,101706,11883867,9289129,156,581,0.6,2018-05-10T16:31:33Z,false,0.23
May,Uptown,576997,3305487,13434501,310,470,0.5,2018-08-27T13:17:45Z,false,0.53
Hollie,Richardson,901311,10677863,6069643,148,842,0.7,2018-04-26T17:40:54Z,false,0.14
Trumann,Richardson,641810,13754875,7971801,48,467,1.0,2018-08-27T10:08:09Z,true,0.73
Remus,Uptown,17388,14485278,125087,74,625,0.4,2018-07-12T21:01:12Z,true,0.38
Darcy,Preston Hollow,862581,1881838,9746103,314,543,0.6,2018-10-27T02:32:08Z,true,0.74
Rance,Uptown,147089,14684381,13470479,290,574,0.9,2019-02-22T14:52:42Z,true,0.42
Andrus,Uptown,447191,3066412,10737762,302,820,0.4,2018-04-13T13:34:58Z,false,0.72
Walsh,Preston Hollow,477253,3229461,8625835,247,470,0.2,2019-01-06T07:26:35Z,true,0.67
Netta,University Park,928845,7355799,6014399,96,473,0.4,2018-11-22T12:20:26Z,false,0.74
Dulcinea,Richardson,128176,1591325,8869104,105,393,0.9,2018-07-10T08:26:13Z,true,0.13
Agneta,Richardson,695711,11597428,5320215,350,693,0.4,2018-05-02T06:43:43Z,false,0.79
Delia,Plano,713991,1499465,9777919,153,663,0.7,2019-01-30T23:00:18Z,false,0.41
Derby,Highland Park,628261,12178741,5120549,34,576,0.7,2018-09-13T03:09:28Z,true,0.16
Ilise,Uptown,798224,2457869,5400595,227,422,0.5,2018-04-04T09:55:01Z,false,0.12
Bertram,Highland Park,491393,3266338,13756438,201,350,1.0,2018-11-20T03:42:58Z,true,0.5
Horten,Highland Park,991660,3584195,11736955,61,667,0.9,2018-07-18T03:06:05Z,true,0.64
Alane,Preston Hollow,632667,13044453,14346786,249,753,1.0,2018-09-12T09:06:48Z,false,0.33
Dyane,Plano,103665,1173688,13987040,231,793,0.4,2018-10-23T05:40:02Z,true,0.45
Wadsworth,Plano,524041,10363215,10884299,61,537,0.6,2018-09-09T22:58:03Z,false,0.56
Bucky,University Park,883294,14877203,9706357,352,501,0.5,2018-11-02T18:30:57Z,true,0.36
Lizzie,Richardson,20692,5987306,4876729,81,812,0.8,2018-12-04T20:50:07Z,false,0.91
Hadley,Plano,697273,3987881,10228788,225,763,0.5,2018-06-28T09:47:07Z,false,0.91
Kaila,Highland Park,979670,9085921,13224904,135,477,0.6,2019-01-08T12:26:45Z,true,0.98
Blake,Highland Park,283027,11258704,10690870,300,659,0.1,2019-02-07T03:28:42Z,true,0.99
Dorthea,Plano,514678,10564069,9257298,184,761,0.4,2018-11-24T04:38:39Z,true,0.21
Marja,Richardson,577684,3283880,6093882,180,814,0.8,2018-11-13T05:05:39Z,true,0.34
Cozmo,Plano,54865,8272342,14495459,195,524,0.7,2018-12-02T11:23:39Z,true,0.2
Blanca,Highland Park,584415,1260146,6738942,139,750,0.5,2018-12-05T21:44:10Z,false,0.47
Martie,Richardson,323263,7066824,6728024,48,685,0.7,2018-04-02T03:19:48Z,false,0.04
Patty,University Park,656426,11641841,1320685,297,359,1.0,2018-02-26T18:19:29Z,false,0.75
Robina,Preston Hollow,265894,11710269,11249488,341,791,0.3,2018-08-19T20:04:13Z,false,0.04
Gabrielle,Richardson,895005,573184,10945133,22,522,0.1,2018-03-18T07:15:47Z,true,0.29
Rodd,Highland Park,173132,14292753,3631571,262,458,0.3,2018-04-24T02:54:49Z,true,0.19
Orsola,Uptown,689749,2313943,12220108,81,821,0.1,2018-02-27T13:34:59Z,true,0.14
Kathryne,Highland Park,927493,14736333,1347447,183,364,0.8,2018-11-14T00:41:21Z,false,0.08
Stanly,Richardson,235966,7575036,8136356,205,584,0.9,2019-01-01T18:05:29Z,false,0.12
Gregoor,Uptown,317316,11286028,8499391,219,418,0.5,2018-12-30T01:42:41Z,true,0.32
Sherm,Highland Park,950478,10616075,1933408,38,709,0.6,2019-01-14T15:42:11Z,true,0.01
Blair,Preston Hollow,964591,7601744,1916797,355,576,1.0,2018-10-15T12:37:25Z,false,0.87
Bentley,Uptown,177763,9119710,14524302,335,743,0.9,2018-05-20T21:33:18Z,true,0.78
Skipper,Uptown,769286,5342620,14355381,144,497,0.3,2018-12-17T06:33:16Z,false,0.21
Denice,Richardson,613858,6190726,1279018,304,746,0.3,2018-10-28T18:56:26Z,false,0.67
Zachary,Highland Park,403263,9055943,5055524,241,750,0.6,2018-06-28T18:09:57Z,true,0.68
Jenda,University Park,85877,1155469,11986390,131,705,0.4,2018-10-04T06:09:21Z,false,0.78
Liam,Highland Park,218386,1273103,2808901,281,400,0.2,2018-08-14T22:52:02Z,true,0.77
Winifield,Highland Park,222449,7532455,12912066,254,572,0.6,2019-01-01T20:36:40Z,false,0.83
Joyous,Plano,596172,9082388,4507616,333,805,0.2,2018-10-24T10:23:47Z,false,0.61
Blinni,Uptown,518504,8005470,4067589,319,729,0.8,2018-04-04T12:46:57Z,true,0.81
Bertie,Highland Park,992962,1240073,8912223,70,419,0.8,2018-08-30T17:01:14Z,true,0.64
Xerxes,Uptown,101090,6060075,3738039,330,476,1.0,2019-02-07T13:56:56Z,false,0.32
Ronnie,Preston Hollow,961265,4552075,9841136,264,588,0.9,2018-09-23T12:30:12Z,false,0.38
Philipa,Plano,232502,12177763,1652928,223,415,0.5,2018-05-27T00:04:19Z,true,0.06
Cacilie,Plano,870064,13348373,13930461,335,469,0.6,2018-06-08T08:36:23Z,true,0.77
Bil,Preston Hollow,735453,5180395,8220085,330,772,0.8,2018-06-20T04:37:58Z,true,0.26
Tandi,Highland Park,826450,13624092,5961737,104,674,0.8,2018-09-17T07:46:14Z,false,0.7
Mehetabel,Highland Park,745244,1954281,11711895,193,840,0.2,2018-08-29T13:07:24Z,false,0.98
Kipp,Preston Hollow,182743,553787,5820861,353,395,1.0,2018-11-08T06:46:47Z,true,0.5
Ivette,Preston Hollow,65160,11332795,10613281,341,752,0.6,2018-08-29T03:50:13Z,false,0.78
Garvin,University Park,963356,8698763,971287,217,564,0.9,2018-03-21T19:27:29Z,false,0.71
Edyth,Plano,505261,12862262,356196,316,745,0.9,2018-10-31T19:11:55Z,false,0.77
Mia,Richardson,436801,12591583,1299918,184,511,0.3,2018-05-29T05:53:17Z,false,0.32
Pail,Highland Park,616300,2801929,539886,51,471,0.2,2018-11-17T17:17:27Z,true,0.37
Rodolfo,University Park,646479,3911702,9504117,45,521,0.7,2018-09-11T22:19:32Z,false,0.13
Rozanne,Highland Park,729856,3170979,8382719,23,413,0.9,2018-05-15T00:05:05Z,false,0.66
Charo,Plano,615225,11755727,1848668,251,369,0.9,2018-06-06T12:54:13Z,true,0.22
Candra,Plano,526139,5214098,719079,158,414,0.4,2018-10-27T14:18:40Z,true,0.46
Gates,University Park,82480,14366414,10271705,125,538,0.8,2019-01-24T20:34:35Z,false,0.11
Nalani,Uptown,24651,5119380,12759304,48,627,0.6,2019-02-18T04:07:46Z,true,0.0
Edwina,Highland Park,632258,12711339,13212032,54,811,0.8,2018-12-21T02:10:18Z,false,0.56
Barbee,University Park,816314,9069083,12146842,262,625,0.7,2018-11-20T15:09:16Z,true,0.52
Jocko,Richardson,153260,104595,8543333,105,841,0.4,2018-08-12T21:22:00Z,false,0.07
Redford,Highland Park,841149,5630139,7630903,90,731,0.9,2018-05-16T09:21:24Z,false,0.69
Fraser,Plano,196238,9853648,1003239,359,820,0.1,2018-05-23T08:57:38Z,false,0.66
Herculie,Uptown,265411,7109824,12926309,210,620,0.4,2018-12-10T03:58:12Z,false,0.88
Garrik,Plano,393457,231659,8417976,219,447,0.3,2018-06-11T10:12:21Z,true,0.56
Tamara,University Park,896690,10873393,9183400,323,775,1.0,2018-07-04T01:00:52Z,true,0.8
Cyndy,Preston Hollow,138369,4033892,9613598,159,685,0.8,2018-06-28T04:12:39Z,true,0.96
Lewes,Plano,388057,9523152,8420963,19,488,0.6,2018-09-22T10:22:36Z,false,0.47
Maddie,Richardson,912054,7067648,1522852,251,690,0.1,2018-12-28T07:57:40Z,false,0.63
Jaine,Uptown,644564,5452197,1210116,304,573,0.7,2018-12-05T07:57:07Z,true,0.43
Ebba,Preston Hollow,271401,3685230,9551370,336,783,0.1,2018-04-14T21:30:35Z,true,0.03
Daffi,Preston Hollow,753161,2898917,478702,24,547,0.8,2018-09-19T01:07:16Z,false,0.48
Gigi,Highland Park,66741,11720973,4342642,347,590,0.9,2018-09-17T08:23:53Z,true,0.29
Anet,Plano,669876,3134462,4945558,146,473,1.0,2018-12-19T22:17:58Z,true,0.72
Tony,Highland Park,638269,5750282,10388419,126,678,0.9,2018-06-12T03:56:48Z,false,0.75
Griff,Richardson,81951,1021239,9779594,41,674,1.0,2018-06-04T17:53:07Z,true,0.13
Mord,Uptown,728659,12841532,7410035,269,443,0.7,2019-02-07T01:40:49Z,false,0.68
Nappy,University Park,516989,5789693,8789294,268,658,0.9,2018-11-14T03:32:43Z,false,0.34
Frasquito,University Park,625297,9554923,6458666,302,378,0.3,2018-05-23T16:40:32Z,true,0.69
Guglielmo,Highland Park,670750,7291033,9918670,218,523,0.7,2018-06-02T05:00:00Z,false,0.25
Lisette,Richardson,791257,49794,14079695,312,371,0.1,2018-02-24T16:01:35Z,false,0.22
Dyanne,Richardson,599214,4521686,1266463,274,832,0.7,2018-05-14T21:05:24Z,false,0.8
Petra,University Park,106251,1590721,9270750,353,757,0.9,2018-09-07T15:22:38Z,true,0.38
Ron,Richardson,452568,9702910,4216036,289,616,1.0,2018-10-16T17:55:33Z,false,0.21
Lissa,Richardson,550313,3317203,5790019,357,367,0.1,2019-01-08T16:57:56Z,false,0.39
Auguste,Highland Park,550195,9017178,9330750,343,382,0.4,2018-03-29T04:16:58Z,true,0.93
Lynn,Plano,82511,7085984,9341468,144,402,0.2,2018-03-07T12:52:49Z,false,0.61
Julita,Plano,921699,1925537,10460705,69,627,0.7,2018-06-17T12:44:44Z,true,0.89
Farlie,Uptown,535393,14763018,6187665,265,537,0.2,2018-08-16T12:42:18Z,true,0.97
Chuck,Highland Park,361900,7592795,3983622,185,845,0.3,2018-09-24T16:52:01Z,true,0.79
Weston,Richardson,971877,14576330,7719686,149,356,0.5,2018-09-11T05:27:30Z,true,0.14
Westleigh,Richardson,277121,3914723,5401311,306,677,0.1,2018-07-15T00:02:47Z,true,0.03
Jorey,Uptown,742630,14250082,14117025,286,551,0.6,2019-02-06T13:45:41Z,false,0.62
Lorrie,Highland Park,972275,8889799,11115827,33,546,1.0,2019-01-31T14:57:10Z,true,0.04
Flori,Richardson,752979,10011162,4790138,57,737,0.4,2018-08-20T17:01:39Z,true,0.64
Sheilakathryn,Highland Park,135087,3482951,4267057,13,471,1.0,2018-07-30T16:38:44Z,false,0.21
Findley,Plano,749477,5785985,2804062,179,418,0.4,2018-07-01T20:09:14Z,true,0.55
Andonis,Uptown,677947,13008239,14605428,160,602,0.7,2018-12-22T16:22:08Z,false,0.04
Jonis,University Park,985115,9455139,10049546,322,612,0.6,2018-03-31T10:44:55Z,true,0.13
Aloisia,Highland Park,447725,4834664,7241331,218,692,0.7,2018-07-11T22:57:50Z,true,0.72
Elvis,Richardson,779991,10774769,13558679,131,837,0.6,2018-05-02T14:24:04Z,true,0.66
Dorotea,Preston Hollow,658201,3603575,13254233,290,842,0.3,2019-02-21T09:47:31Z,true,0.88
Cahra,Preston Hollow,301993,3405488,14878414,120,644,0.5,2019-02-13T18:31:17Z,true,0.55
Gaby,Uptown,430686,12550643,905883,333,562,0.5,2018-09-03T21:50:10Z,false,0.5
Callie,Preston Hollow,918381,5409510,8872775,293,414,0.6,2018-12-11T04:47:34Z,false,0.49
Maybelle,University Park,518807,2917737,7651053,292,432,0.5,2018-07-31T10:35:40Z,true,0.68
Karoline,Uptown,955687,6718874,10155015,319,565,0.9,2018-05-05T09:14:54Z,false,0.79
Salomi,Uptown,842887,2402786,8683857,120,428,0.6,2018-07-23T07:53:45Z,false,0.82
Dene,Preston Hollow,649487,4248155,10575173,304,794,0.5,2019-01-15T23:53:57Z,false,0.91
Noel,University Park,721439,5769012,14918924,80,458,0.2,2018-08-22T17:52:23Z,false,0.71
Yorgo,University Park,914836,9360311,8453675,217,507,0.2,2018-10-30T17:54:50Z,false,0.43
Charo,Plano,100536,3925811,12910907,252,810,0.5,2018-12-01T13:08:47Z,true,0.21
Rory,Richardson,498222,3733102,12247534,290,624,0.1,2018-10-17T05:49:26Z,true,0.29
Meredeth,Preston Hollow,843465,1279238,5547180,210,671,0.9,2018-03-28T18:37:02Z,false,0.28
Claiborne,Highland Park,589753,6458950,10137982,177,621,0.1,2018-10-30T07:13:19Z,true,0.2
Candra,Highland Park,444961,364026,12148922,318,650,0.1,2019-02-16T06:48:48Z,false,0.93
Tarrance,Plano,882143,6703446,6427734,225,505,0.5,2019-02-02T21:12:11Z,false,0.11
Neysa,Uptown,668648,2258597,13884733,243,618,0.9,2018-09-09T19:18:16Z,false,0.38
Roddy,University Park,399916,11807053,2509287,228,669,0.3,2018-07-28T11:29:24Z,true,0.05
Hakeem,Richardson,977303,6969885,1929762,304,708,0.8,2018-11-19T03:09:56Z,true,0.75
Jonah,Richardson,259478,309524,2114212,269,617,0.1,2018-03-14T17:29:35Z,false,0.99
Buffy,Plano,561305,6400700,13476752,261,518,0.1,2018-07-16T14:55:05Z,false,0.04
Josee,University Park,561297,7618754,7915587,263,726,0.2,2018-03-12T23:27:21Z,true,0.82
Tandy,Highland Park,79643,9118472,5108962,297,461,0.7,2018-03-06T15:19:47Z,true,0.9
Edythe,Uptown,947594,4689028,400357,356,372,0.5,2018-11-12T07:54:45Z,false,0.66
Donni,Plano,457293,9002286,2985385,127,368,0.6,2018-04-21T00:28:37Z,true,0.46
Sharona,Richardson,450724,4711958,13271182,193,404,0.7,2018-06-07T05:34:17Z,false,0.83
Gustavo,Preston Hollow,227206,6135410,3262493,222,481,1.0,2018-08-15T13:59:47Z,true,0.13
Vonny,Uptown,719252,9373293,1198975,69,484,0.5,2018-09-27T09:50:22Z,false,0.02
Deina,University Park,611396,4691046,722484,115,655,0.2,2018-08-02T17:00:46Z,false,0.74
Raynard,Preston Hollow,968749,10790060,13057293,269,435,0.3,2019-02-14T00:23:49Z,false,0.7
Clarey,Uptown,289804,14575005,3097734,20,697,0.6,2018-06-25T17:27:30Z,false,0.84
Daisy,Richardson,646181,9654049,9469317,317,667,0.3,2019-01-15T11:23:47Z,false,0.9
Burch,Richardson,343824,2689786,598381,304,635,0.2,2018-09-21T23:21:58Z,false,0.48
Edan,Richardson,501883,14674485,4846759,221,493,0.9,2018-03-23T20:42:49Z,true,0.79
Selinda,Highland Park,603064,199929,8259875,22,519,0.4,2018-05-05T04:53:05Z,false,0.36
Maire,Highland Park,943857,679195,12999749,204,641,0.9,2018-03-21T03:30:27Z,false,0.91
Stephen,Uptown,319113,7805345,8490837,199,610,0.5,2018-12-21T17:26:08Z,false,0.7
Emelia,Uptown,152046,12925561,8543646,323,538,0.5,2018-06-04T10:27:01Z,true,0.02
Woodie,Preston Hollow,915081,6779210,2772190,225,464,0.9,2019-02-03T15:50:36Z,true,0.81
Mathew,Preston Hollow,794955,1482363,14484822,258,582,0.2,2019-01-06T22:11:12Z,true,0.67
Ellen,Highland Park,526237,7999570,3099132,43,550,0.5,2018-04-03T18:14:16Z,true,0.78
Tyne,University Park,846284,13929224,1680526,300,808,0.2,2018-11-27T04:58:33Z,false,0.48
Otto,Preston Hollow,609628,267455,13256858,30,495,0.3,2019-02-15T21:04:44Z,true,0.74
Ansley,Richardson,674551,2989211,13643893,205,823,0.5,2018-12-24T11:14:20Z,true,0.23
Luisa,Preston Hollow,623487,10397519,11623156,51,582,0.8,2018-05-26T07:43:43Z,false,0.39
Burlie,Richardson,619418,3657880,1922704,53,407,0.7,2018-10-16T14:07:56Z,true,0.86
Adrianne,Uptown,921738,7103930,9730307,243,520,0.7,2018-03-28T22:42:12Z,true,0.33
Joleen,Plano,896134,635649,7100830,143,387,0.6,2018-12-07T06:18:57Z,true,0.47
Golda,Plano,650832,1521377,7686323,148,615,1.0,2018-10-18T00:32:47Z,true,0.94
Marjory,University Park,121759,11455758,13354895,210,757,0.3,2018-07-22T07:00:03Z,true,0.24
Wright,Highland Park,179165,3090917,13359253,349,650,0.5,2018-09-09T08:44:12Z,true,0.8
Gisele,University Park,424010,13029702,10703923,173,478,0.7,2018-08-08T23:35:42Z,false,0.79
Shana,Preston Hollow,897121,13711952,4942410,128,432,0.2,2018-07-14T09:30:16Z,false,0.4
Merv,University Park,460554,11966127,5271364,283,800,0.2,2018-08-05T10:12:29Z,false,0.22
Wilhelm,University Park,134334,8923909,13829766,120,632,0.4,2018-05-04T09:13:37Z,true,0.31
Sydelle,Highland Park,566231,10338048,2918851,168,661,0.5,2018-10-16T17:41:06Z,false,0.12
Veronique,Preston Hollow,275104,6841974,1289612,348,613,0.7,2018-10-18T05:17:33Z,false,0.76
Clerc,Uptown,687560,11526568,1042587,284,483,0.6,2018-07-14T08:07:01Z,false,0.26
Maynord,Highland Park,881200,1010154,11949565,204,406,0.8,2018-09-19T22:16:14Z,false,0.97
Dione,Richardson,717857,5357789,11413586,133,453,0.2,2018-08-11T21:51:51Z,true,0.04
Clio,Highland Park,148964,3230770,10102791,298,426,0.4,2018-06-29T17:08:26Z,true,0.8
Kaleena,Plano,329394,7146848,14314021,57,532,0.3,2018-03-26T19:04:24Z,true,0.06
Lannie,Highland Park,557263,8019079,4687493,357,605,0.5,2018-05-21T23:39:24Z,true,0.37
Idaline,Plano,444573,3207318,14020916,157,483,0.7,2018-07-27T00:54:53Z,false,0.07
Noble,Plano,859616,5695241,5773198,315,697,0.8,2018-11-02T13:37:03Z,true,0.97
Martita,University Park,666192,10264653,14580934,338,821,0.4,2018-11-08T01:32:12Z,true,0.71
Marjie,Richardson,863018,2849100,13011549,60,359,0.6,2018-05-12T00:25:11Z,false,0.18
Maxi,Highland Park,185123,13989153,4327857,319,831,0.2,2018-07-14T15:58:52Z,false,0.85
Alejoa,Highland Park,145996,501573,8534783,71,354,0.4,2018-06-21T03:47:59Z,false,0.97
Hinda,Richardson,104381,9169783,11429886,226,372,0.9,2018-10-02T01:21:28Z,true,0.13
Sidonia,Highland Park,700549,5826555,4463028,33,376,0.8,2018-05-29T04:32:22Z,true,0.64
Giacomo,Preston Hollow,923560,14429424,8531381,38,842,0.2,2018-04-15T08:49:36Z,true,0.95
Delbert,University Park,945376,4087369,10869648,204,416,0.4,2019-02-08T21:32:41Z,true,0.87
Verge,Preston Hollow,228167,4476025,9640730,55,827,0.6,2018-10-25T13:17:49Z,false,0.51
Farleigh,Preston Hollow,189933,2305383,12622878,62,390,0.4,2018-12-02T01:25:08Z,true,0.22
Ricky,Richardson,706187,692109,1343178,230,566,0.7,2018-11-09T05:08:12Z,false,0.35
Corissa,University Park,290000,10789959,685063,344,437,0.9,2019-01-31T17:51:20Z,true,0.85
Nell,Uptown,399540,6397159,6576127,302,430,0.1,2019-02-21T16:36:37Z,true,0.75
Sigvard,University Park,48955,837560,3475528,26,504,0.6,2018-10-02T14:13:14Z,true,0.5
Nevin,Richardson,405033,5788793,5596438,26,460,0.4,2018-03-06T11:54:39Z,true,0.24
Sid,Uptown,616137,4187304,1831970,45,578,0.4,2018-06-26T13:04:59Z,true,0.21
Rodney,Highland Park,850798,1369482,14110719,254,686,0.2,2018-09-23T11:55:40Z,true,0.7
Hillery,Plano,869653,7179791,8401491,289,605,0.1,2018-08-10T14:46:52Z,false,0.42
Osborne,Richardson,149677,3214379,5337257,115,436,0.9,2018-06-20T08:49:39Z,true,0.44
Tod,University Park,304266,8590170,10118403,200,835,0.3,2018-11-30T22:32:48Z,true,0.32
Kyle,University Park,149693,6000017,14761091,100,535,0.7,2018-05-08T07:30:57Z,false,0.03
Daniele,University Park,801464,2881884,12647575,229,385,0.6,2018-07-17T23:47:35Z,true,0.23
Donnell,Highland Park,362208,8749222,1397963,100,411,0.5,2018-09-20T11:23:03Z,true,0.68
Ingra,Plano,328128,4311654,6757182,148,395,0.9,2018-06-13T11:58:36Z,false,0.2
Kristien,Highland Park,198925,11712563,9052083,343,486,0.9,2018-04-23T20:51:46Z,false,0.28
Trace,Preston Hollow,612095,10696331,9305705,119,475,0.5,2018-05-31T20:36:31Z,true,0.92
Caye,Plano,955130,11576806,2498050,280,367,0.6,2018-04-25T15:50:46Z,false,0.41
Hebert,Uptown,168163,13011197,6117192,174,475,0.4,2018-09-16T09:23:25Z,false,0.91
Dael,Plano,336033,4879581,11615337,21,571,0.5,2018-12-11T23:15:11Z,false,0.97
Neysa,Highland Park,489252,2688901,13381158,345,640,0.8,2018-12-19T18:28:52Z,true,0.69
Walt,University Park,806398,3238112,13596903,239,619,0.3,2018-04-05T11:42:12Z,true,0.42
Zabrina,Preston Hollow,703920,12738998,8360128,150,655,0.2,2019-01-20T14:58:07Z,false,0.21
Jamie,Uptown,931858,5412624,10667905,271,662,0.4,2018-12-19T23:11:03Z,true,0.82
Helenelizabeth,Highland Park,347626,6409098,2006871,107,727,0.7,2018-04-02T12:51:16Z,true,0.71
Abe,Preston Hollow,258726,14026021,2883338,336,395,0.7,2018-03-03T19:01:42Z,true,0.99
Gillian,Richardson,187025,8763327,1336045,233,705,0.9,2019-02-10T19:36:46Z,true,0.66
Charmain,Plano,939632,11988077,1134531,190,743,0.9,2018-10-20T09:35:23Z,true,0.14
Anna-diane,Plano,198101,14893730,4664325,157,387,0.6,2019-02-13T22:44:55Z,false,0.71
Elva,Highland Park,617399,9551667,6529244,28,775,0.5,2018-09-30T04:26:39Z,false,0.53
Pavlov,Highland Park,491279,5728210,1062638,195,827,0.5,2018-06-11T01:22:10Z,false,0.22
Fabe,Preston Hollow,213331,2468608,165045,342,388,0.5,2018-05-30T16:32:40Z,true,0.85
Gaylene,Preston Hollow,624050,4473809,2782322,167,634,0.6,2018-05-18T16:46:24Z,false,0.52
Marmaduke,Uptown,270865,8859389,8700619,222,365,0.8,2018-07-03T22:59:45Z,true,0.12
Bibbie,Plano,128778,2561442,11212661,261,786,0.8,2018-03-26T12:59:27Z,true,0.28
Mireielle,Uptown,769227,7501589,6386919,91,781,0.2,2018-03-22T05:21:21Z,false,0.12
Jackie,Highland Park,41472,159358,11597968,308,675,0.4,2019-02-04T12:53:26Z,true,0.39
Tracee,Richardson,242437,6051302,13170976,319,569,0.5,2018-11-16T01:06:32Z,false,0.91
Giselbert,University Park,911598,7105826,2039115,16,441,0.5,2018-03-25T19:50:20Z,false,0.65
Yank,Highland Park,826076,4529678,783757,302,503,0.2,2018-10-06T17:27:57Z,true,0.88
Annice,Highland Park,950132,6665276,7395320,106,830,1.0,2018-10-23T17:46:02Z,true,0.53
Lexi,Preston Hollow,340844,6136703,13311104,18,656,0.8,2018-12-04T21:40:12Z,true,0.84
Zitella,Highland Park,944996,2825772,10892434,39,590,0.5,2019-02-10T15:36:13Z,false,0.2
Nerty,Plano,58740,7733463,1361866,230,382,0.8,2018-03-21T14:44:09Z,false,0.97
Raf,University Park,944175,6787051,361198,218,505,0.7,2018-05-19T17:21:07Z,false,0.15
Torrin,Richardson,630910,4280634,4588856,20,446,0.5,2019-01-16T21:35:50Z,true,0.62
Granger,University Park,868855,6589138,12275697,37,586,0.8,2018-05-22T09:16:33Z,true,0.44
Rana,Preston Hollow,18367,744495,7602267,293,354,0.9,2018-11-15T01:30:05Z,true,0.85
Ingmar,University Park,358858,1438126,12757398,270,692,0.7,2018-06-04T00:22:07Z,false,0.19
Edin,Preston Hollow,103665,12932762,12913958,307,762,0.8,2018-04-12T10:25:46Z,false,0.85
Franklyn,Plano,797130,13510885,6613917,139,360,0.7,2018-12-19T12:13:51Z,true,0.82
Kariotta,Highland Park,403351,8882896,11399070,242,445,0.7,2018-04-12T20:15:57Z,false,0.81
Aldwin,Richardson,58745,6880926,7641859,292,612,0.9,2018-04-11T12:24:36Z,true,0.16
Brigid,Plano,500281,8273915,275724,225,389,0.9,2018-07-07T23:59:11Z,true,0.4
Lynn,University Park,835372,5218910,14677046,39,383,0.2,2018-08-22T14:00:42Z,true,0.83
Lari,Plano,303527,10396562,14637134,281,628,0.5,2018-05-24T09:53:55Z,true,0.73
Hermon,University Park,109886,729907,8928173,298,416,1.0,2018-12-16T10:21:26Z,false,0.08
Lara,Preston Hollow,627320,13604896,8718798,156,666,0.3,2018-08-19T20:09:28Z,false,0.35
Tony,Richardson,465630,293882,3385086,54,361,0.7,2018-07-03T17:13:23Z,false,0.79
Erroll,Preston Hollow,668958,1903082,7429801,145,813,0.4,2018-11-12T20:46:47Z,false,0.6
Melissa,Plano,242666,1211314,9973799,119,614,0.2,2018-06-11T08:12:52Z,true,0.17
Riccardo,Highland Park,54165,5372214,12562041,350,555,1.0,2018-05-14T09:21:14Z,false,0.39
Kort,Preston Hollow,387738,8711040,2704060,94,472,0.7,2018-11-03T05:25:19Z,true,0.77
Igor,Uptown,666898,14327606,5843953,233,519,0.9,2018-06-03T08:55:51Z,true,1.0
Ellissa,Richardson,625565,12971533,9364626,332,725,0.5,2018-10-15T06:18:56Z,true,0.58
Shurwood,Preston Hollow,493365,5814922,14656057,306,675,0.2,2018-07-18T20:13:15Z,true,0.33
Taddeo,Plano,312661,9183016,9676951,172,579,0.8,2018-10-17T01:31:05Z,true,0.04
Mar,Plano,302409,11459760,8193367,340,586,0.3,2019-02-02T16:08:28Z,true,0.77
Jacynth,Highland Park,394747,6232478,8239730,65,426,0.2,2018-11-25T17:49:10Z,true,0.38
Westbrooke,Plano,51175,10584026,13472059,292,425,0.3,2018-10-14T04:43:06Z,true,0.42
Janka,Richardson,386634,403556,4767123,266,577,0.5,2019-02-14T22:42:12Z,false,0.99
Teressa,Richardson,689693,12052299,8110818,305,690,0.6,2019-01-23T16:56:32Z,true,0.16
Emmey,Preston Hollow,296377,3287441,8712076,175,382,0.3,2018-08-18T10:00:37Z,true,0.36
Myrtia,University Park,917876,5957907,13376261,109,678,0.8,2018-10-14T19:07:09Z,true,0.27
Pietra,Uptown,338278,8376696,6904162,153,435,0.9,2019-02-15T11:53:45Z,false,0.05
Granville,Preston Hollow,277143,11039379,10655669,18,390,0.3,2018-04-13T10:22:04Z,false,0.3
Adey,Uptown,873450,8431810,13220729,295,808,0.3,2018-09-05T09:46:34Z,false,0.21
Dru,Preston Hollow,639537,12374557,10902734,55,679,0.4,2018-10-09T09:05:57Z,false,0.33
Muhammad,University Park,841141,13825766,4050548,345,641,0.6,2018-08-28T06:10:19Z,true,0.11
Sibylla,Preston Hollow,772017,6495321,463114,181,798,0.1,2018-12-29T21:39:56Z,false,0.91
Rosalie,Uptown,172564,4162228,5629161,136,628,0.2,2018-11-12T20:32:29Z,true,0.87
Burtie,Preston Hollow,42724,199928,13000246,191,641,1.0,2019-02-15T04:32:17Z,false,0.1
Mohammed,Richardson,712585,9618157,8756190,146,506,0.7,2018-09-23T11:30:20Z,true,0.2
Bertram,Plano,568914,12382566,6164813,122,579,0.4,2018-04-02T21:53:26Z,false,0.13
Lari,Uptown,921970,2290012,4234457,128,507,1.0,2018-11-13T04:45:37Z,true,0.59
Case,Uptown,784358,7242569,4036184,239,655,0.3,2018-03-24T03:39:45Z,false,0.16
Saudra,Preston Hollow,398025,13282688,5721525,207,607,0.3,2018-07-23T04:41:30Z,true,0.84
Kinna,Uptown,313314,3028907,7659355,162,533,0.1,2018-03-25T07:43:28Z,false,0.98
Jan,Uptown,681256,4395544,10636260,234,829,0.2,2018-06-08T05:14:19Z,false,0.96
Hazlett,Richardson,798808,9358441,10912824,88,387,0.2,2018-10-26T09:46:21Z,false,0.14
Alphonso,Uptown,406281,3716431,3864247,66,411,0.3,2018-03-04T07:34:42Z,false,0.62
Alejandrina,University Park,66321,8618830,1041140,342,642,0.3,2019-02-03T00:58:11Z,false,0.14
